,survival,pclass,sex,age,sibsp,parch,fare,embarked,class,who,adult_male,embark_town,alive,alone,family_size
0,0,3,male,-0.6600710844989592,1,0,-0.724281602868713,S,Third,man,True,Southampton,no,False,1
1,1,1,female,0.8313015644581575,1,0,1.8799939464025028,C,First,woman,False,Cherbourg,yes,False,1
2,1,3,female,-0.28722792225967964,0,0,-0.6968289181600057,S,Third,woman,False,Southampton,yes,True,0
3,1,1,female,0.5516691927786982,1,0,1.1404674251227425,S,First,woman,False,Southampton,yes,False,1
4,0,3,male,0.5516691927786982,0,0,-0.6917450876583933,S,Third,man,True,Southampton,no,True,0
5,0,3,male,0.057569757996452996,0,0,-0.6751392637079263,Q,Third,man,True,Queenstown,no,True,0
6,0,1,male,2.322674213415275,0,0,1.0901375031567786,S,First,man,True,Southampton,no,True,0
8,1,3,female,-0.19401713169985987,0,2,-0.5663452909734193,S,Third,woman,False,Southampton,yes,False,2
9,1,2,female,-1.4057574089775176,1,0,0.20385503002087038,C,Second,child,False,Cherbourg,yes,False,1
10,1,3,female,-2.3378653145757156,1,1,-0.3399440169468101,S,Third,child,False,Southampton,yes,False,2
12,0,3,male,-0.8464926656185987,0,0,-0.6917450876583933,S,Third,man,True,Southampton,no,True,0
13,0,3,male,0.9245123550179772,1,5,0.2528306195412044,S,Third,man,True,Southampton,no,False,6
14,0,3,female,-1.4057574089775176,0,0,-0.6997083997561191,S,Third,child,False,Southampton,no,True,0
15,1,2,female,2.4158850039750943,0,0,-0.3684134677558399,S,Second,woman,False,Southampton,yes,True,0
17,1,2,male,0.057569757996452996,0,0,-0.49042539979453925,S,Second,man,True,Southampton,yes,True,0
18,0,3,female,0.17882603053941917,1,0,-0.28707217973004034,S,Third,woman,False,Southampton,no,False,1
19,1,3,female,0.057569757996452996,0,0,-0.7252983689690355,C,Third,woman,False,Cherbourg,yes,True,0
20,0,2,male,0.5516691927786982,0,0,0.03829297237315804,S,Second,man,True,Southampton,no,True,0
21,1,2,male,0.45845840221887846,0,0,-0.49042539979453925,S,Second,man,True,Southampton,yes,True,0
22,1,3,female,-1.3125466184176977,0,0,-0.6925910370538616,Q,Third,child,False,Queenstown,yes,True,0
23,1,1,male,-0.1008063411400401,0,0,0.424664090495706,S,First,man,True,Southampton,yes,True,0
24,0,3,female,-1.9650221523364362,3,1,-0.16200994939037344,S,Third,child,False,Southampton,no,False,4
25,1,3,female,0.8313015644581575,1,5,0.2574060669926555,S,Third,woman,False,Southampton,yes,False,6
26,0,3,male,0.057569757996452996,0,0,-0.7252983689690355,C,Third,man,True,Cherbourg,no,True,0
28,1,3,female,0.057569757996452996,0,0,-0.6986916336557966,Q,Third,woman,False,Queenstown,yes,True,0
29,0,3,male,0.057569757996452996,0,0,-0.6980165009651823,S,Third,man,True,Southampton,no,True,0
30,0,1,male,1.017723145577797,0,0,0.10827901659055596,C,First,man,True,Cherbourg,no,True,0
32,1,3,female,0.057569757996452996,0,0,-0.7039462808622632,Q,Third,woman,False,Queenstown,yes,True,0
34,0,1,male,-0.1008063411400401,1,0,2.3227955830929496,C,First,man,True,Cherbourg,no,False,1
35,0,1,male,1.204144726697437,1,0,1.0957297167085527,S,First,man,True,Southampton,no,False,1
36,1,3,male,0.057569757996452996,0,0,-0.7251275522641815,C,Third,man,True,Cherbourg,yes,True,0
37,0,3,male,-0.753281875058779,0,0,-0.6917450876583933,S,Third,man,True,Southampton,no,True,0
38,0,3,female,-1.0329142467382382,2,0,-0.28707217973004034,S,Third,woman,False,Southampton,no,False,2
39,1,3,female,-1.4057574089775176,1,0,-0.5619365931624211,C,Third,child,False,Cherbourg,yes,False,1
40,0,3,female,1.017723145577797,1,0,-0.633789419940011,S,Third,woman,False,Southampton,no,False,1
41,0,2,female,-0.19401713169985987,1,0,-0.165060247691341,S,Second,woman,False,Southampton,no,False,1
42,0,3,male,0.057569757996452996,0,0,-0.6980165009651823,C,Third,man,True,Cherbourg,no,True,0
44,1,3,female,-0.9397034561784184,0,0,-0.6986916336557966,Q,Third,woman,False,Queenstown,yes,True,0
45,0,3,male,0.057569757996452996,0,0,-0.6917450876583933,S,Third,man,True,Southampton,no,True,0
46,0,3,male,0.057569757996452996,1,0,-0.3887487897622899,Q,Third,man,True,Queenstown,no,False,1
48,0,3,male,0.057569757996452996,2,0,-0.13743674627777933,C,Third,man,True,Cherbourg,no,False,2
49,0,3,female,-1.0329142467382382,1,0,-0.2952063085326202,S,Third,woman,False,Southampton,no,False,1
50,0,3,male,-2.058232942896256,4,1,0.594972412299724,S,Third,child,False,Southampton,no,False,5
51,0,3,male,-0.753281875058779,0,0,-0.7019127486616181,S,Third,man,True,Southampton,no,True,0
52,1,1,female,1.8566202606161755,1,0,2.101482206632354,C,First,woman,False,Cherbourg,yes,False,1
53,1,2,female,-0.007595550580220341,1,0,0.03829297237315804,S,Second,woman,False,Southampton,yes,False,1
55,1,1,male,0.057569757996452996,0,0,0.424664090495706,S,First,man,True,Southampton,yes,True,0
56,1,2,female,-0.753281875058779,0,0,-0.5921020098267887,S,Second,woman,False,Southampton,yes,True,0
57,0,3,male,-0.054200945860130224,0,0,-0.7251275522641815,C,Third,man,True,Cherbourg,no,True,0
58,1,2,female,-2.2446545240158957,1,2,0.10946659939573256,S,Second,child,False,Southampton,yes,False,3
59,0,3,male,-1.6853897806569769,5,2,0.8883094322427635,S,Third,child,False,Southampton,no,False,7
60,0,3,male,-0.6600710844989592,0,0,-0.7251275522641815,C,Third,man,True,Cherbourg,no,True,0
61,1,1,female,0.8313015644581575,0,0,2.2345077490697465,S,First,woman,False,Southampton,yes,True,0
62,0,1,male,1.4837770983768963,1,0,2.375838237014573,S,First,man,True,Southampton,no,False,1
63,0,3,male,-2.3378653145757156,3,2,0.11556719599766753,S,Third,child,False,Southampton,no,False,5
64,0,1,male,0.057569757996452996,0,0,0.10827901659055596,C,First,man,True,Cherbourg,no,True,0
65,1,3,male,0.057569757996452996,1,1,-0.399087267470369,C,Third,man,True,Cherbourg,yes,False,2
66,1,2,female,-0.007595550580220341,0,0,-0.5921020098267887,S,Second,woman,False,Southampton,yes,True,0
67,0,3,male,-0.9397034561784184,0,0,-0.6873404569117961,S,Third,man,True,Southampton,no,True,0
68,1,3,female,-1.126125037298058,4,2,-0.6968289181600057,S,Third,woman,False,Southampton,yes,False,6
69,0,3,male,-0.28722792225967964,2,0,-0.666834318200492,S,Third,man,True,Southampton,no,False,2
70,0,2,male,0.27203682109923893,0,0,-0.5921020098267887,S,Second,man,True,Southampton,no,True,0
71,0,3,female,-1.219335827857878,5,2,0.8883094322427635,S,Third,woman,False,Southampton,no,False,7
72,0,2,male,-0.753281875058779,0,0,1.9701485629858984,S,Second,man,True,Southampton,no,True,0
73,0,3,male,-0.28722792225967964,1,0,-0.4312821492709804,C,Third,man,True,Cherbourg,no,False,1
74,1,3,male,0.27203682109923893,0,0,1.2785767980617477,S,Third,man,True,Southampton,yes,True,0
75,0,3,male,-0.3804387128194999,0,0,-0.7080133452635532,S,Third,man,True,Southampton,no,True,0
79,1,3,female,0.08561523997959943,0,0,-0.5117774879013116,S,Third,woman,False,Southampton,yes,True,0
80,0,3,male,-0.6600710844989592,0,0,-0.6531079758461383,S,Third,man,True,Southampton,no,True,0
81,1,3,male,-0.007595550580220341,0,0,-0.6327726538396886,S,Third,man,True,Southampton,yes,True,0
82,1,3,female,0.057569757996452996,0,0,-0.7024211317117796,Q,Third,woman,False,Queenstown,yes,True,0
83,0,1,male,-0.1008063411400401,0,0,0.8964435610453436,S,First,man,True,Southampton,no,True,0
84,1,2,female,-1.126125037298058,0,0,-0.5921020098267887,S,Second,woman,False,Southampton,yes,True,0
85,1,3,female,0.3652476116590587,3,0,-0.3745140643577749,S,Third,woman,False,Southampton,yes,False,3
86,0,3,male,-1.219335827857878,1,3,0.37890961598119366,S,Third,man,True,Southampton,no,False,4
89,0,3,male,-0.47364950337931966,0,0,-0.6917450876583933,S,Third,man,True,Southampton,no,True,0
90,0,3,male,-0.007595550580220341,0,0,-0.6917450876583933,S,Third,man,True,Southampton,no,True,0
91,0,3,male,-0.8464926656185987,0,0,-0.6997083997561191,S,Third,man,True,Southampton,no,True,0
92,0,1,male,1.5769878889367162,1,0,1.468882875526908,S,First,man,True,Southampton,no,False,1
93,0,3,male,-0.28722792225967964,1,2,-0.1823452713968234,S,Third,man,True,Southampton,no,False,3
97,1,1,male,-0.5668602939391394,0,1,1.5576790926002724,C,First,man,True,Cherbourg,yes,False,1
98,1,2,female,0.45845840221887846,0,1,-0.08371895966554144,S,Second,woman,False,Southampton,yes,False,1
99,0,2,male,0.45845840221887846,1,0,0.03829297237315804,S,Second,man,True,Southampton,no,False,1
100,0,3,female,-0.1008063411400401,0,0,-0.6980165009651823,S,Third,woman,False,Southampton,no,True,0
102,0,1,male,-0.753281875058779,0,1,2.124188627184756,S,First,man,True,Southampton,no,False,1
103,0,3,male,0.3652476116590587,0,0,-0.6671718845457991,S,Third,man,True,Southampton,no,True,0
104,0,3,male,0.7380907738983378,2,0,-0.6968289181600057,S,Third,man,True,Southampton,no,False,2
105,0,3,male,-0.1008063411400401,0,0,-0.6980165009651823,S,Third,man,True,Southampton,no,True,0
106,1,3,female,-0.753281875058779,0,0,-0.7080133452635532,S,Third,woman,False,Southampton,yes,True,0
107,1,3,male,0.057569757996452996,0,0,-0.7029295147619407,S,Third,man,True,Southampton,yes,True,0
108,0,3,male,0.8313015644581575,0,0,-0.6980165009651823,S,Third,man,True,Southampton,no,True,0
109,1,3,female,0.057569757996452996,1,0,-0.036947719050706686,Q,Third,woman,False,Queenstown,yes,False,1
110,0,1,male,1.670198679496536,0,0,1.0957297167085527,S,First,man,True,Southampton,no,True,0
111,0,3,female,-1.3591520136976076,1,0,-0.4312821492709804,C,Third,child,False,Cherbourg,no,False,1
112,0,3,male,-0.6600710844989592,0,0,-0.6917450876583933,S,Third,man,True,Southampton,no,True,0
113,0,3,female,-0.8464926656185987,1,0,-0.6195546945354963,S,Third,woman,False,Southampton,no,False,1
114,0,3,female,-1.126125037298058,0,0,-0.43111539963052753,C,Third,woman,False,Cherbourg,no,True,0
115,0,3,male,-0.753281875058779,0,0,-0.6968289181600057,S,Third,man,True,Southampton,no,True,0
117,0,2,male,-0.007595550580220341,1,0,-0.165060247691341,S,Second,man,True,Southampton,no,False,1
120,0,2,male,-0.753281875058779,2,0,1.9701485629858984,S,Second,man,True,Southampton,no,False,2
122,0,2,male,0.3186422163791488,1,0,0.20385503002087038,C,Second,man,True,Cherbourg,no,False,1
123,1,2,female,0.3186422163791488,0,0,-0.49042539979453925,S,Second,woman,False,Southampton,yes,True,0
124,0,1,male,2.322674213415275,0,1,2.124188627184756,S,First,man,True,Southampton,no,False,1
125,1,3,male,-1.592178990097157,1,0,-0.5619365931624211,C,Third,child,False,Cherbourg,yes,False,1
126,0,3,male,0.057569757996452996,0,0,-0.7039462808622632,Q,Third,man,True,Queenstown,no,True,0
127,1,3,male,-0.47364950337931966,0,0,-0.72868623361531,S,Third,man,True,Southampton,yes,True,0
128,1,3,female,0.057569757996452996,1,1,-0.10981731192861913,C,Third,woman,False,Cherbourg,yes,False,2
129,0,3,male,1.4837770983768963,0,0,-0.7354660299722606,S,Third,man,True,Southampton,no,True,0
130,0,3,male,0.3652476116590587,0,0,-0.6980165009651823,C,Third,man,True,Cherbourg,no,True,0
131,0,3,male,-0.8464926656185987,0,0,-0.732415731671293,S,Third,man,True,Southampton,no,True,0
132,0,3,female,1.670198679496536,1,0,-0.4294194337751896,S,Third,woman,False,Southampton,no,False,1
134,0,2,male,-0.3804387128194999,0,0,-0.49042539979453925,S,Second,man,True,Southampton,no,True,0
135,0,2,male,-0.5668602939391394,0,0,-0.40722139627294884,C,Second,man,True,Cherbourg,no,True,0
136,1,1,female,-0.9397034561784184,0,2,0.049814965822012586,S,First,woman,False,Southampton,yes,False,2
137,0,1,male,0.7380907738983378,1,0,1.1404674251227425,S,First,man,True,Southampton,no,False,1
138,0,3,male,-1.219335827857878,0,0,-0.6442946472885431,S,Third,man,True,Southampton,no,True,0
139,0,1,male,-0.47364950337931966,0,0,2.201971233859427,C,First,man,True,Cherbourg,no,True,0
140,0,3,female,0.057569757996452996,0,2,-0.399087267470369,C,Third,woman,False,Cherbourg,no,False,2
141,1,3,female,-0.6600710844989592,0,0,-0.7039462808622632,S,Third,woman,False,Southampton,yes,True,0
142,1,3,female,-0.47364950337931966,1,0,-0.3745140643577749,S,Third,woman,False,Southampton,yes,False,1
143,0,3,male,-0.9397034561784184,0,0,-0.744616924875163,Q,Third,man,True,Queenstown,no,True,0
144,0,2,male,-1.0329142467382382,0,0,-0.551431365813889,S,Second,man,True,Southampton,no,True,0
145,0,2,male,-0.9397034561784184,1,1,0.4755023955118309,S,Second,man,True,Southampton,no,False,2
146,1,3,male,-0.19401713169985987,0,0,-0.7020835653664724,S,Third,man,True,Southampton,yes,True,0
147,0,3,female,-1.8718113617766163,2,2,0.37890961598119366,S,Third,child,False,Southampton,no,False,4
148,0,2,male,0.6914853786184278,0,2,0.03829297237315804,S,Second,man,True,Southampton,no,False,2
149,0,2,male,1.204144726697437,0,0,-0.49042539979453925,S,Second,man,True,Southampton,no,True,0
150,0,2,male,2.043041841735815,0,0,-0.5097439557006667,S,Second,man,True,Southampton,no,True,0
151,1,1,female,-0.6600710844989592,1,0,1.6895211192968893,S,First,woman,False,Southampton,yes,False,1
152,0,3,male,2.462490399255004,0,0,-0.6917450876583933,S,Third,man,True,Southampton,no,True,0
153,0,3,male,1.0643285408577075,0,2,-0.4294194337751896,S,Third,man,True,Southampton,no,False,2
154,0,3,male,0.057569757996452996,0,0,-0.7217396876179069,S,Third,man,True,Southampton,no,True,0
155,0,1,male,2.043041841735815,0,1,1.4771878210343423,C,First,man,True,Cherbourg,no,False,1
156,1,3,female,-1.219335827857878,0,0,-0.7046254806172786,Q,Third,woman,False,Queenstown,yes,True,0
157,0,3,male,0.08561523997959943,0,0,-0.6917450876583933,S,Third,man,True,Southampton,no,True,0
158,0,3,male,0.057569757996452996,0,0,-0.666834318200492,S,Third,man,True,Southampton,no,True,0
159,0,3,male,0.057569757996452996,8,2,1.809499519134944,S,Third,man,True,Southampton,no,False,10
160,0,3,male,1.3905663078170767,0,1,-0.3643464033545498,S,Third,man,True,Southampton,no,False,1
161,1,2,female,1.017723145577797,0,0,-0.3785811287590648,S,Second,woman,False,Southampton,yes,True,0
162,0,3,male,-0.28722792225967964,0,0,-0.7029295147619407,S,Third,man,True,Southampton,no,True,0
163,0,3,male,-1.126125037298058,0,0,-0.666834318200492,S,Third,man,True,Southampton,no,True,0
165,1,3,male,-1.8718113617766163,0,2,-0.18437880359746844,S,Third,child,False,Southampton,yes,False,2
166,1,1,female,0.057569757996452996,0,1,1.2177416487472519,S,First,woman,False,Southampton,yes,False,1
167,0,3,female,1.4837770983768963,1,4,0.11556719599766753,S,Third,woman,False,Southampton,no,False,5
168,0,1,male,0.057569757996452996,0,0,0.035242674072190484,S,First,man,True,Southampton,no,True,0
169,0,3,male,-0.1008063411400401,0,0,1.2785767980617477,S,Third,man,True,Southampton,no,True,0
171,0,3,male,-2.3378653145757156,4,1,0.16538873491346984,Q,Third,child,False,Queenstown,no,False,5
175,0,3,male,-1.0329142467382382,1,1,-0.6997083997561191,S,Third,man,True,Southampton,no,False,2
176,0,3,male,0.057569757996452996,3,1,0.016603317921078452,S,Third,man,True,Southampton,no,False,4
177,0,1,female,1.949831051175995,0,0,0.14861209425814864,C,First,woman,False,Cherbourg,no,True,0
178,0,2,male,0.08561523997959943,0,0,-0.49042539979453925,S,Second,man,True,Southampton,no,True,0
179,0,3,male,0.644879983338518,0,0,-1.0191437719622365,S,Third,man,True,Southampton,no,True,0
180,0,3,female,0.057569757996452996,8,2,1.809499519134944,S,Third,woman,False,Southampton,no,False,10
181,0,2,male,0.057569757996452996,0,0,-0.40705057956809465,C,Second,man,True,Cherbourg,no,True,0
182,0,3,male,-1.8718113617766163,4,2,0.2574060669926555,S,Third,child,False,Southampton,no,False,6
184,1,3,female,-2.3378653145757156,0,2,-0.1233728375781187,S,Third,child,False,Southampton,yes,False,2
185,0,1,male,0.057569757996452996,0,0,1.0143884286827531,S,First,man,True,Southampton,no,True,0
186,1,3,female,0.057569757996452996,1,0,-0.3887487897622899,Q,Third,woman,False,Queenstown,yes,False,1
187,1,1,male,1.4837770983768963,0,0,0.0606618265802529,S,First,man,True,Southampton,yes,True,0
188,0,3,male,1.017723145577797,1,1,-0.3887487897622899,Q,Third,man,True,Queenstown,no,False,2
189,0,3,male,0.644879983338518,0,0,-0.6980165009651823,S,Third,man,True,Southampton,no,True,0
190,1,2,female,0.27203682109923893,0,0,-0.49042539979453925,S,Second,woman,False,Southampton,yes,True,0
191,0,2,male,-0.9397034561784184,0,0,-0.49042539979453925,S,Second,man,True,Southampton,no,True,0
192,1,3,female,-0.9397034561784184,1,0,-0.6997083997561191,S,Third,woman,False,Southampton,yes,False,1
194,1,1,female,1.3905663078170767,0,0,0.10827901659055596,C,First,woman,False,Cherbourg,yes,True,0
197,0,3,male,1.204144726697437,0,1,-0.6773395455490241,S,Third,man,True,Southampton,no,False,1
199,0,2,female,-0.47364950337931966,0,0,-0.49042539979453925,S,Second,woman,False,Southampton,no,True,0
200,0,3,male,-0.1008063411400401,0,0,-0.6327726538396886,S,Third,man,True,Southampton,no,True,0
202,0,3,male,0.45845840221887846,0,0,-0.7549554025832421,S,Third,man,True,Southampton,no,True,0
203,0,3,male,1.5303824936568062,0,0,-0.7252983689690355,C,Third,man,True,Cherbourg,no,True,0
204,1,3,male,-1.0329142467382382,0,0,-0.6917450876583933,S,Third,man,True,Southampton,yes,True,0
206,0,3,male,0.27203682109923893,1,0,-0.3745140643577749,S,Third,man,True,Southampton,no,False,1
207,1,3,male,-0.28722792225967964,0,0,-0.25504404756988164,C,Third,man,True,Cherbourg,yes,True,0
208,1,3,female,-1.219335827857878,0,0,-0.7039462808622632,Q,Third,woman,False,Queenstown,yes,True,0
209,1,1,male,1.017723145577797,0,0,0.2416461924376568,C,First,man,True,Cherbourg,yes,True,0
210,0,3,male,-0.47364950337931966,0,0,-0.732415731671293,S,Third,man,True,Southampton,no,True,0
211,1,2,female,0.5516691927786982,0,0,-0.165060247691341,S,Second,woman,False,Southampton,yes,True,0
212,0,3,male,-0.6600710844989592,0,0,-0.724281602868713,S,Third,man,True,Southampton,no,True,0
214,0,3,male,0.057569757996452996,1,0,-0.7039462808622632,Q,Third,man,True,Queenstown,no,False,1
215,1,1,female,0.17882603053941917,1,0,3.5878234285989876,C,First,woman,False,Cherbourg,yes,False,1
216,1,3,female,-0.19401713169985987,0,0,-0.6968289181600057,S,Third,woman,False,Southampton,yes,True,0
217,0,2,male,1.204144726697437,1,0,0.07896361638605782,S,Second,man,True,Southampton,no,False,1
218,1,1,female,0.27203682109923893,0,0,2.0836887998767106,C,First,woman,False,Cherbourg,yes,True,0
219,0,2,male,0.08561523997959943,0,0,-0.5921020098267887,S,Second,man,True,Southampton,no,True,0
220,1,3,male,-1.219335827857878,0,0,-0.6917450876583933,S,Third,man,True,Southampton,yes,True,0
221,0,2,male,-0.19401713169985987,0,0,-0.49042539979453925,S,Second,man,True,Southampton,no,True,0
222,0,3,male,2.043041841735815,0,0,-0.6917450876583933,S,Third,man,True,Southampton,no,True,0
224,1,1,male,0.8313015644581575,1,0,2.6412141891987444,S,First,man,True,Southampton,yes,False,1
225,0,3,male,-0.6600710844989592,0,0,-0.6388732504416236,S,Third,man,True,Southampton,no,True,0
226,1,2,male,-0.9397034561784184,0,0,-0.5921020098267887,S,Second,man,True,Southampton,yes,True,0
227,0,3,male,-0.7998872703386889,0,0,-0.724281602868713,S,Third,man,True,Southampton,no,True,0
228,0,2,male,-1.0329142467382382,0,0,-0.49042539979453925,S,Second,man,True,Southampton,no,True,0
229,0,3,female,0.057569757996452996,3,1,0.016603317921078452,S,Third,woman,False,Southampton,no,False,4
230,1,1,female,0.5516691927786982,1,0,2.375838237014573,S,First,woman,False,Southampton,yes,False,1
231,0,3,male,-0.007595550580220341,0,0,-0.7029295147619407,S,Third,man,True,Southampton,no,True,0
233,1,3,female,-2.2446545240158957,4,2,0.2574060669926555,S,Third,child,False,Southampton,yes,False,6
234,0,2,male,-0.47364950337931966,0,0,-0.5921020098267887,S,Second,man,True,Southampton,no,True,0
235,0,3,female,0.057569757996452996,0,0,-0.7120804096648431,S,Third,woman,False,Southampton,no,True,0
236,0,2,male,1.3905663078170767,1,0,0.03829297237315804,S,Second,man,True,Southampton,no,False,1
237,1,2,female,-1.9650221523364362,0,2,0.048460633376382956,S,Second,child,False,Southampton,yes,False,2
238,0,2,male,-0.9397034561784184,0,0,-0.5921020098267887,S,Second,man,True,Southampton,no,True,0
239,0,2,male,0.3652476116590587,0,0,-0.5199116167038916,S,Second,man,True,Southampton,no,True,0
240,0,3,female,0.057569757996452996,1,0,-0.4312821492709804,C,Third,woman,False,Cherbourg,no,False,1
242,0,2,male,-0.007595550580220341,0,0,-0.5921020098267887,S,Second,man,True,Southampton,no,True,0
243,0,3,male,-0.6600710844989592,0,0,-0.7293654333703254,S,Third,man,True,Southampton,no,True,0
244,0,3,male,0.08561523997959943,0,0,-0.7252983689690355,C,Third,man,True,Cherbourg,no,True,0
245,0,1,male,1.3905663078170767,2,0,2.6412141891987444,Q,First,man,True,Queenstown,no,False,2
246,0,3,female,-0.3804387128194999,0,0,-0.7029295147619407,S,Third,woman,False,Southampton,no,True,0
247,1,2,female,-0.47364950337931966,0,2,-0.4294194337751896,S,Second,woman,False,Southampton,yes,False,2
248,1,1,male,0.7380907738983378,1,1,1.1182693876205017,S,First,man,True,Southampton,yes,False,2
249,0,2,male,2.322674213415275,1,0,0.03829297237315804,S,Second,man,True,Southampton,no,False,1
250,0,3,male,0.057569757996452996,0,0,-0.724281602868713,S,Third,man,True,Southampton,no,True,0
251,0,3,female,-0.007595550580220341,1,1,-0.5936271589772725,S,Third,woman,False,Southampton,no,False,2
253,0,3,male,0.08561523997959943,1,0,-0.3643464033545498,S,Third,man,True,Southampton,no,False,1
254,0,3,female,1.1109339361376174,0,2,-0.19708837985149957,S,Third,woman,False,Southampton,no,False,2
255,1,3,female,-0.007595550580220341,0,2,-0.399087267470369,C,Third,woman,False,Cherbourg,yes,False,2
256,1,1,female,0.057569757996452996,0,0,2.201971233859427,C,First,woman,False,Cherbourg,yes,True,0
257,1,1,female,0.08561523997959943,0,0,2.4988669351535955,S,First,woman,False,Southampton,yes,True,0
259,1,2,female,1.949831051175995,0,1,0.03829297237315804,S,Second,woman,False,Southampton,yes,False,1
262,0,1,male,2.1362526322956352,1,1,2.220273023665232,S,First,man,True,Southampton,no,False,2
263,0,1,male,1.017723145577797,0,0,-1.0191437719622365,S,First,man,True,Southampton,no,True,0
264,0,3,female,0.057569757996452996,0,0,-0.7039462808622632,Q,Third,woman,False,Queenstown,no,True,0
265,0,2,male,0.644879983338518,0,0,-0.5921020098267887,S,Second,man,True,Southampton,no,True,0
266,0,3,male,-1.219335827857878,4,1,0.594972412299724,S,Third,man,True,Southampton,no,False,5
267,1,3,male,-0.3804387128194999,1,0,-0.7029295147619407,S,Third,man,True,Southampton,yes,False,1
270,0,1,male,0.057569757996452996,0,0,0.2416461924376568,S,First,man,True,Southampton,no,True,0
271,1,3,male,-0.3804387128194999,0,0,-1.0191437719622365,S,Third,man,True,Southampton,yes,True,0
272,1,2,female,1.1109339361376174,0,1,-0.2260662137106906,S,Second,woman,False,Southampton,yes,False,1
273,0,1,male,0.7380907738983378,0,1,0.18877435522088723,C,First,man,True,Cherbourg,no,False,1
276,0,3,female,1.4837770983768963,0,0,-0.7039462808622632,S,Third,woman,False,Southampton,no,True,0
277,0,2,male,0.057569757996452996,0,0,-1.0191437719622365,S,Second,man,True,Southampton,no,True,0
278,0,3,male,-2.058232942896256,4,1,0.16538873491346984,Q,Third,child,False,Queenstown,no,False,5
279,1,3,female,0.5516691927786982,1,1,-0.19556323070101575,S,Third,woman,False,Southampton,yes,False,2
281,0,3,male,-0.1008063411400401,0,0,-0.6997083997561191,S,Third,man,True,Southampton,no,True,0
282,0,3,male,-1.219335827857878,0,0,-0.6327726538396886,S,Third,man,True,Southampton,no,True,0
283,1,3,male,-0.9397034561784184,0,0,-0.6917450876583933,S,Third,man,True,Southampton,yes,True,0
284,0,1,male,0.057569757996452996,0,0,0.03829297237315804,S,First,man,True,Southampton,no,True,0
285,0,3,male,0.3652476116590587,0,0,-0.666834318200492,C,Third,man,True,Cherbourg,no,True,0
286,1,3,male,0.08561523997959943,0,0,-0.6327726538396886,S,Third,man,True,Southampton,yes,True,0
287,0,3,male,-0.6600710844989592,0,0,-0.6980165009651823,S,Third,man,True,Southampton,no,True,0
288,1,2,male,1.204144726697437,0,0,-0.49042539979453925,S,Second,man,True,Southampton,yes,True,0
289,1,3,female,-0.6600710844989592,0,0,-0.7039462808622632,Q,Third,woman,False,Queenstown,yes,True,0
290,1,1,female,-0.28722792225967964,0,0,2.1877365084549116,S,First,woman,False,Southampton,yes,True,0
291,1,1,female,-0.9397034561784184,1,0,2.685105948217466,C,First,woman,False,Cherbourg,yes,False,1
292,0,2,male,0.644879983338518,0,0,-0.4955092302961518,C,Second,man,True,Cherbourg,no,True,0
293,0,3,female,-0.47364950337931966,0,0,-0.6592085724480735,S,Third,woman,False,Southampton,no,True,0
294,0,3,male,-0.47364950337931966,0,0,-0.6980165009651823,S,Third,man,True,Southampton,no,True,0
296,0,3,male,-0.5202548986592296,0,0,-0.7251275522641815,C,Third,man,True,Cherbourg,no,True,0
298,1,1,male,0.057569757996452996,0,0,0.22131087043120698,S,First,man,True,Southampton,yes,True,0
301,1,3,male,0.057569757996452996,2,0,-0.0735512986623164,Q,Third,man,True,Queenstown,yes,False,2
302,0,3,male,-0.9397034561784184,0,0,-1.0191437719622365,S,Third,man,True,Southampton,no,True,0
303,1,2,female,0.057569757996452996,0,0,-0.5168613184029242,Q,Second,woman,False,Queenstown,yes,True,0
306,1,1,female,0.057569757996452996,0,0,3.4905514493133345,C,First,woman,False,Cherbourg,yes,True,0
307,1,1,female,-1.126125037298058,1,0,3.409889361042551,C,First,woman,False,Cherbourg,yes,False,1
308,0,2,male,0.08561523997959943,1,0,-0.04304831565264152,C,Second,man,True,Cherbourg,no,False,1
309,1,1,female,0.08561523997959943,0,0,1.2962034551769381,C,First,woman,False,Cherbourg,yes,True,0
310,1,1,female,-0.47364950337931966,0,0,2.3629578440556878,C,First,woman,False,Cherbourg,yes,True,0
312,0,2,female,-0.28722792225967964,1,1,0.03829297237315804,S,Second,woman,False,Southampton,no,False,2
314,0,2,male,1.2973555172572568,1,1,0.048460633376382956,S,Second,man,True,Southampton,no,False,2
315,1,3,female,-0.28722792225967964,0,0,-0.6997083997561191,S,Third,woman,False,Southampton,yes,True,0
316,1,2,female,-0.47364950337931966,1,0,0.03829297237315804,S,Second,woman,False,Southampton,yes,False,1
317,0,2,male,2.322674213415275,0,0,-0.4497547557816395,S,Second,man,True,Southampton,no,True,0
321,0,3,male,-0.19401713169985987,0,0,-0.6980165009651823,S,Third,man,True,Southampton,no,True,0
322,1,2,female,0.08561523997959943,0,0,-0.5168613184029242,Q,Second,woman,False,Queenstown,yes,True,0
323,1,2,female,-0.6600710844989592,1,1,0.16030490441185738,S,Second,woman,False,Southampton,yes,False,2
327,1,2,female,0.644879983338518,0,0,-0.49042539979453925,S,Second,woman,False,Southampton,yes,True,0
328,1,3,female,0.17882603053941917,1,1,-0.18437880359746844,S,Third,woman,False,Southampton,yes,False,2
329,1,1,female,-1.219335827857878,0,1,1.3389076313904829,C,First,woman,False,Cherbourg,yes,False,1
330,1,3,female,0.057569757996452996,2,0,-0.0735512986623164,Q,Third,woman,False,Queenstown,yes,False,2
331,0,1,male,1.5303824936568062,0,0,0.13996958240540744,S,First,man,True,Southampton,no,True,0
333,0,3,male,-1.219335827857878,2,0,-0.28707217973004034,S,Third,man,True,Southampton,no,False,2
336,0,1,male,-0.007595550580220341,1,0,1.6895211192968893,S,First,man,True,Southampton,no,False,1
338,1,3,male,1.4837770983768963,0,0,-0.6917450876583933,S,Third,man,True,Southampton,yes,True,0
339,0,1,male,1.4837770983768963,0,0,0.424664090495706,S,First,man,True,Southampton,no,True,0
342,0,2,male,-0.1008063411400401,0,0,-0.49042539979453925,S,Second,man,True,Southampton,no,True,0
344,0,2,male,0.644879983338518,0,0,-0.49042539979453925,S,Second,man,True,Southampton,no,True,0
345,1,2,female,-0.47364950337931966,0,0,-0.49042539979453925,S,Second,woman,False,Southampton,yes,True,0
346,1,2,female,1.017723145577797,0,0,-0.49042539979453925,S,Second,woman,False,Southampton,yes,True,0
347,1,3,female,0.057569757996452996,1,0,-0.3643464033545498,S,Third,woman,False,Southampton,yes,False,1
349,0,3,male,1.204144726697437,0,0,-0.666834318200492,S,Third,man,True,Southampton,no,True,0
350,0,3,male,-0.5668602939391394,0,0,-0.643957080943236,S,Third,man,True,Southampton,no,True,0
351,0,1,male,0.057569757996452996,0,0,0.4043287684892562,S,First,man,True,Southampton,no,True,0
352,0,3,male,-1.3125466184176977,1,1,-0.7251275522641815,C,Third,child,False,Cherbourg,no,False,2
353,0,3,male,-0.3804387128194999,1,0,-0.2952063085326202,S,Third,man,True,Southampton,no,False,1
356,1,1,female,-0.6600710844989592,0,1,1.2177416487472519,S,First,woman,False,Southampton,yes,False,1
357,0,2,female,0.8313015644581575,0,0,-0.49042539979453925,S,Second,woman,False,Southampton,no,True,0
360,0,3,male,1.017723145577797,1,4,0.11556719599766753,S,Third,man,True,Southampton,no,False,5
361,0,2,male,-0.007595550580220341,1,0,0.10827901659055596,C,Second,man,True,Cherbourg,no,False,1
362,0,3,female,1.4837770983768963,0,1,-0.4312821492709804,C,Third,woman,False,Cherbourg,no,False,1
363,0,3,male,0.5516691927786982,0,0,-0.732415731671293,S,Third,man,True,Southampton,no,True,0
365,0,3,male,0.08561523997959943,0,0,-0.724281602868713,S,Third,man,True,Southampton,no,True,0
367,1,3,female,0.057569757996452996,0,0,-0.7251275522641815,C,Third,woman,False,Cherbourg,yes,True,0
369,1,1,female,-0.47364950337931966,0,0,1.799331858131719,C,First,woman,False,Cherbourg,yes,True,0
370,1,1,male,-0.3804387128194999,1,0,1.2357058722077496,C,First,man,True,Cherbourg,yes,False,1
371,0,3,male,-1.0329142467382382,1,0,-0.7549554025832421,S,Third,man,True,Southampton,no,False,1
372,0,3,male,-0.9397034561784184,0,0,-0.6917450876583933,S,Third,man,True,Southampton,no,True,0
375,1,1,female,0.057569757996452996,1,0,2.3227955830929496,C,First,woman,False,Cherbourg,yes,False,1
376,1,3,female,-0.6600710844989592,0,0,-0.724281602868713,S,Third,woman,False,Southampton,yes,True,0
378,0,3,male,-0.8464926656185987,0,0,-0.8559528128604761,C,Third,man,True,Cherbourg,no,True,0
379,0,3,male,-0.9397034561784184,0,0,-0.7029295147619407,S,Third,man,True,Southampton,no,True,0
382,0,3,male,0.27203682109923893,0,0,-0.6968289181600057,S,Third,man,True,Southampton,no,True,0
383,1,1,female,0.5516691927786982,1,0,1.0957297167085527,S,First,woman,False,Southampton,yes,False,1
385,0,2,male,-1.0329142467382382,0,0,1.9701485629858984,S,Second,man,True,Southampton,no,True,0
388,0,3,male,0.057569757996452996,0,0,-0.7047922302577315,Q,Third,man,True,Queenstown,no,True,0
389,1,2,female,-1.126125037298058,0,0,-0.531096043807439,C,Second,woman,False,Cherbourg,yes,True,0
390,1,1,male,0.644879983338518,1,2,3.861333509585738,S,First,man,True,Southampton,yes,False,3
391,1,3,male,-0.753281875058779,0,0,-0.7020835653664724,S,Third,man,True,Southampton,yes,True,0
392,0,3,male,-0.1008063411400401,2,0,-0.6968289181600057,S,Third,man,True,Southampton,no,False,2
393,1,1,female,-0.5668602939391394,1,0,3.5878234285989876,C,First,woman,False,Cherbourg,yes,False,1
394,1,3,female,-0.47364950337931966,0,2,-0.3399440169468101,S,Third,woman,False,Southampton,yes,False,2
395,0,3,male,-0.6600710844989592,0,0,-0.7020835653664724,S,Third,man,True,Southampton,no,True,0
396,0,3,female,0.17882603053941917,0,0,-0.6997083997561191,S,Third,woman,False,Southampton,no,True,0
397,0,2,male,1.5769878889367162,0,0,0.03829297237315804,S,Second,man,True,Southampton,no,True,0
398,0,2,male,-0.5668602939391394,0,0,-0.5921020098267887,S,Second,man,True,Southampton,no,True,0
399,1,2,female,-0.1008063411400401,0,0,-0.5046601251990541,S,Second,woman,False,Southampton,yes,True,0
400,1,3,male,0.9245123550179772,0,0,-0.6968289181600057,S,Third,man,True,Southampton,yes,True,0
401,0,3,male,-0.28722792225967964,0,0,-0.6917450876583933,S,Third,man,True,Southampton,no,True,0
402,0,3,female,-0.753281875058779,1,0,-0.6195546945354963,S,Third,woman,False,Southampton,no,False,1
403,0,3,male,-0.1008063411400401,1,0,-0.3745140643577749,S,Third,man,True,Southampton,no,False,1
404,0,3,female,-0.8464926656185987,0,0,-0.666834318200492,S,Third,woman,False,Southampton,no,True,0
405,0,2,male,0.45845840221887846,1,0,-0.165060247691341,S,Second,man,True,Southampton,no,False,1
406,0,3,male,2.043041841735815,0,0,-0.7039462808622632,S,Third,man,True,Southampton,no,True,0
408,0,3,male,-0.753281875058779,0,0,-0.7029295147619407,S,Third,man,True,Southampton,no,True,0
411,0,3,male,0.057569757996452996,0,0,-0.7402122941285659,Q,Third,man,True,Queenstown,no,True,0
412,1,1,female,0.3652476116590587,1,0,2.6412141891987444,Q,First,woman,False,Queenstown,yes,False,1
414,1,3,male,1.3905663078170767,0,0,-0.6968289181600057,S,Third,man,True,Southampton,yes,True,0
415,0,3,female,0.057569757996452996,0,0,-0.6917450876583933,S,Third,woman,False,Southampton,no,True,0
416,1,2,female,0.45845840221887846,1,1,0.30265215845700655,S,Second,woman,False,Southampton,yes,False,2
417,1,2,female,-1.0329142467382382,0,2,-0.49042539979453925,S,Second,woman,False,Southampton,yes,False,2
419,0,3,female,-1.7786005712167967,0,2,-0.036947719050706686,S,Third,child,False,Southampton,no,False,2
421,0,3,male,-0.753281875058779,0,0,-0.7046254806172786,Q,Third,man,True,Queenstown,no,True,0
422,0,3,male,-0.007595550580220341,0,0,-0.6988624503606508,S,Third,man,True,Southampton,no,True,0
423,0,3,female,-0.1008063411400401,1,1,-0.4334864981764796,S,Third,woman,False,Southampton,no,False,2
424,0,3,male,-1.0329142467382382,1,1,-0.19708837985149957,S,Third,man,True,Southampton,no,False,2
426,1,2,female,-0.1008063411400401,1,0,0.03829297237315804,S,Second,woman,False,Southampton,yes,False,1
427,1,2,female,-0.9397034561784184,0,0,0.03829297237315804,S,Second,woman,False,Southampton,yes,True,0
429,1,3,male,0.27203682109923893,0,0,-0.6917450876583933,S,Third,man,True,Southampton,yes,True,0
430,1,1,male,-0.1008063411400401,0,0,0.0606618265802529,S,First,man,True,Southampton,yes,True,0
432,1,2,female,1.204144726697437,1,0,0.03829297237315804,S,Second,woman,False,Southampton,yes,False,1
433,0,3,male,-1.126125037298058,0,0,-0.7293654333703254,S,Third,man,True,Southampton,no,True,0
434,0,1,male,1.949831051175995,1,0,1.2543452283588616,S,First,man,True,Southampton,no,False,1
435,1,1,female,-1.4057574089775176,1,2,3.861333509585738,S,First,child,False,Southampton,yes,False,3
436,0,3,female,-0.753281875058779,2,2,0.37890961598119366,S,Third,woman,False,Southampton,no,False,4
437,1,2,female,-0.47364950337931966,2,3,-0.2565691967203655,S,Second,woman,False,Southampton,yes,False,5
439,0,2,male,0.17882603053941917,0,0,-0.5921020098267887,S,Second,man,True,Southampton,no,True,0
440,1,2,female,1.4837770983768963,1,1,0.048460633376382956,S,Second,woman,False,Southampton,yes,False,2
441,0,3,male,-0.8464926656185987,0,0,-0.6327726538396886,S,Third,man,True,Southampton,no,True,0
442,0,3,male,-0.3804387128194999,1,0,-0.7029295147619407,S,Third,man,True,Southampton,no,False,1
443,1,2,female,-0.1008063411400401,0,0,-0.49042539979453925,S,Second,woman,False,Southampton,yes,True,0
444,1,3,male,0.057569757996452996,0,0,-0.6892031724075869,S,Third,man,True,Southampton,yes,True,0
445,1,1,male,-2.3378653145757156,0,2,2.310086006838918,S,First,child,False,Southampton,yes,False,2
446,1,2,female,-1.4989681995373374,0,1,-0.2260662137106906,S,Second,child,False,Southampton,yes,False,1
447,1,1,male,0.45845840221887846,0,0,0.0606618265802529,S,First,man,True,Southampton,yes,True,0
448,1,3,female,-2.2446545240158957,2,1,-0.23589630836860853,C,Third,child,False,Cherbourg,yes,False,3
449,1,1,male,2.1362526322956352,0,0,0.22131087043120698,S,First,man,True,Southampton,yes,True,0
450,0,2,male,0.644879983338518,1,2,0.10946659939573256,S,Second,man,True,Southampton,no,False,3
451,0,3,male,0.057569757996452996,1,0,-0.20708522414987027,S,Third,man,True,Southampton,no,False,1
452,0,1,male,0.08561523997959943,0,0,0.10946659939573256,C,First,man,True,Cherbourg,no,True,0
453,1,1,male,1.8566202606161755,1,0,2.6047814262919897,C,First,man,True,Cherbourg,yes,False,1
455,1,3,male,-0.007595550580220341,0,0,-0.6980165009651823,C,Third,man,True,Cherbourg,yes,True,0
457,1,1,female,0.057569757996452996,1,0,1.0901375031567786,S,First,woman,False,Southampton,yes,False,1
458,1,2,female,1.949831051175995,0,0,-0.5921020098267887,S,Second,woman,False,Southampton,yes,True,0
460,1,1,male,1.7634094700563556,0,0,0.0606618265802529,S,First,man,True,Southampton,yes,True,0
461,0,3,male,0.45845840221887846,0,0,-0.6917450876583933,S,Third,man,True,Southampton,no,True,0
462,0,1,male,1.670198679496536,0,0,0.5466760225344053,S,First,man,True,Southampton,no,True,0
463,0,2,male,1.7634094700563556,0,0,-0.49042539979453925,S,Second,man,True,Southampton,no,True,0
465,0,3,male,0.8313015644581575,0,0,-0.732415731671293,S,Third,man,True,Southampton,no,True,0
468,0,3,male,0.057569757996452996,0,0,-0.7049630469625856,Q,Third,man,True,Queenstown,no,True,0
471,0,3,male,0.8313015644581575,0,0,-0.666834318200492,S,Third,man,True,Southampton,no,True,0
472,1,2,female,0.3652476116590587,1,2,0.10946659939573256,S,Second,woman,False,Southampton,yes,False,3
473,1,2,female,-0.5668602939391394,0,0,-0.4582264509295265,C,Second,woman,False,Cherbourg,yes,True,0
474,0,3,female,-0.6600710844989592,0,0,-0.619046311485335,S,Third,woman,False,Southampton,no,True,0
475,0,1,male,0.057569757996452996,0,0,1.0957297167085527,S,First,man,True,Southampton,no,True,0
477,0,3,male,-0.007595550580220341,1,0,-0.7325865483761472,S,Third,man,True,Southampton,no,False,1
478,0,3,male,-0.6600710844989592,0,0,-0.7132679924700198,S,Third,man,True,Southampton,no,True,0
480,0,3,male,-1.8718113617766163,5,2,0.8883094322427635,S,Third,child,False,Southampton,no,False,7
482,0,3,male,1.949831051175995,0,0,-0.6917450876583933,S,Third,man,True,Southampton,no,True,0
484,1,1,male,-0.3804387128194999,1,0,2.685105948217466,C,First,man,True,Cherbourg,yes,False,1
486,1,1,female,0.5516691927786982,1,0,2.6412141891987444,S,First,woman,False,Southampton,yes,False,1
489,1,3,male,-1.8718113617766163,1,1,-0.37248053215712984,S,Third,child,False,Southampton,yes,False,2
491,0,3,male,-0.753281875058779,0,0,-0.724281602868713,S,Third,man,True,Southampton,no,True,0
492,0,1,male,2.4158850039750943,0,0,0.22131087043120698,S,First,man,True,Southampton,no,True,0
495,0,3,male,0.057569757996452996,0,0,-0.43111539963052753,C,Third,man,True,Cherbourg,no,True,0
496,1,1,female,2.322674213415275,1,0,2.1640133218021878,C,First,woman,False,Cherbourg,yes,False,1
497,0,3,male,0.057569757996452996,0,0,-0.40501704736744976,S,Third,man,True,Southampton,no,True,0
499,0,3,male,-0.47364950337931966,0,0,-0.7020835653664724,S,Third,man,True,Southampton,no,True,0
501,0,3,female,-0.753281875058779,0,0,-0.7039462808622632,Q,Third,woman,False,Queenstown,no,True,0
502,0,3,female,0.057569757996452996,0,0,-0.7088592946590214,Q,Third,woman,False,Queenstown,no,True,0
503,0,3,female,0.7380907738983378,0,0,-0.6292139724885598,S,Third,woman,False,Southampton,no,True,0
504,1,1,female,-1.219335827857878,0,0,2.4988669351535955,S,First,woman,False,Southampton,yes,True,0
505,0,1,male,-1.0329142467382382,1,0,3.409889361042551,C,First,man,True,Cherbourg,no,False,1
506,1,2,female,0.3652476116590587,0,2,0.03829297237315804,S,Second,woman,False,Southampton,yes,False,2
507,1,1,male,0.057569757996452996,0,0,0.0606618265802529,S,First,man,True,Southampton,yes,True,0
508,0,3,male,-0.1008063411400401,0,0,-0.10303751557166888,S,Third,man,True,Southampton,no,True,0
509,1,3,male,-0.28722792225967964,0,0,1.2785767980617477,S,Third,man,True,Southampton,yes,True,0
510,1,3,male,-0.007595550580220341,0,0,-0.7039462808622632,Q,Third,man,True,Queenstown,yes,True,0
512,1,1,male,0.644879983338518,0,0,0.0499857825268668,S,First,man,True,Southampton,yes,True,0
513,1,1,female,2.322674213415275,1,0,1.396692482404011,C,First,woman,False,Cherbourg,yes,False,1
514,0,3,male,-0.47364950337931966,0,0,-0.7142847585703423,S,Third,man,True,Southampton,no,True,0
515,0,1,male,1.670198679496536,0,0,0.36450407387182476,S,First,man,True,Southampton,no,True,0
516,1,2,female,0.45845840221887846,0,0,-0.5921020098267887,S,Second,woman,False,Southampton,yes,True,0
517,0,3,male,0.057569757996452996,0,0,-0.036947719050706686,Q,Third,man,True,Queenstown,no,True,0
518,1,2,female,0.644879983338518,1,0,0.03829297237315804,S,Second,woman,False,Southampton,yes,False,1
519,0,3,male,0.27203682109923893,0,0,-0.6980165009651823,S,Third,man,True,Southampton,no,True,0
520,1,1,female,0.08561523997959943,0,0,2.783561443243894,S,First,woman,False,Southampton,yes,True,0
523,1,1,female,1.3905663078170767,0,1,1.3389076313904829,C,First,woman,False,Cherbourg,yes,False,1
524,0,3,male,0.057569757996452996,0,0,-0.7251275522641815,C,Third,man,True,Cherbourg,no,True,0
525,0,3,male,1.0643285408577075,0,0,-0.7039462808622632,Q,Third,man,True,Queenstown,no,True,0
528,0,3,male,0.9245123550179772,0,0,-0.6968289181600057,S,Third,man,True,Southampton,no,True,0
529,0,2,male,-0.5668602939391394,2,1,-0.551431365813889,S,Second,man,True,Southampton,no,False,3
532,0,3,male,-1.126125037298058,1,1,-0.7251275522641815,C,Third,man,True,Cherbourg,no,False,2
533,1,3,female,0.057569757996452996,0,2,-0.10981731192861913,C,Third,woman,False,Cherbourg,yes,False,2
534,0,3,female,0.08561523997959943,0,0,-0.666834318200492,S,Third,woman,False,Southampton,no,True,0
535,1,2,female,-2.058232942896256,0,2,0.048460633376382956,S,Second,child,False,Southampton,yes,False,2
536,0,1,male,1.4837770983768963,0,0,0.0606618265802529,S,First,man,True,Southampton,no,True,0
537,1,1,female,0.08561523997959943,0,0,3.309229517110624,C,First,woman,False,Cherbourg,yes,True,0
538,0,3,male,0.057569757996452996,0,0,-0.4294194337751896,S,Third,man,True,Southampton,no,True,0
539,1,1,female,-0.6600710844989592,0,2,0.994053106676303,C,First,woman,False,Cherbourg,yes,False,2
540,1,1,female,0.644879983338518,0,2,1.8684719529536487,S,First,woman,False,Southampton,yes,False,2
541,0,3,female,-1.8718113617766163,4,2,0.2528306195412044,S,Third,child,False,Southampton,no,False,6
542,0,3,female,-1.6853897806569769,4,2,0.2528306195412044,S,Third,child,False,Southampton,no,False,6
543,1,2,male,0.27203682109923893,1,0,0.03829297237315804,S,Second,man,True,Southampton,yes,False,1
544,0,1,male,1.949831051175995,1,0,3.309229517110624,C,First,man,True,Cherbourg,no,False,1
546,1,2,female,-0.9397034561784184,1,0,0.03829297237315804,S,Second,woman,False,Southampton,yes,False,1
547,1,2,male,0.057569757996452996,0,0,-0.4553469693334132,C,Second,man,True,Cherbourg,yes,True,0
548,0,3,male,0.3652476116590587,1,1,-0.18437880359746844,S,Third,man,True,Southampton,no,False,2
549,1,2,male,-1.9650221523364362,1,1,0.4755023955118309,S,Second,child,False,Southampton,yes,False,2
550,1,1,male,-1.126125037298058,0,2,3.4905514493133345,C,First,man,True,Cherbourg,yes,False,2
551,0,2,male,-0.19401713169985987,0,0,0.03829297237315804,S,Second,man,True,Southampton,no,True,0
552,0,3,male,0.057569757996452996,0,0,-0.7007251658564416,Q,Third,man,True,Queenstown,no,True,0
553,1,3,male,-0.6600710844989592,0,0,-0.7252983689690355,C,Third,man,True,Cherbourg,yes,True,0
554,1,3,female,-0.6600710844989592,0,0,-0.7029295147619407,S,Third,woman,False,Southampton,yes,True,0
556,1,1,female,1.7634094700563556,1,0,0.5914137309485953,C,First,woman,False,Cherbourg,yes,False,1
558,1,1,female,0.9245123550179772,1,1,2.220273023665232,S,First,woman,False,Southampton,yes,False,2
559,1,3,female,0.644879983338518,1,0,-0.31147456613778024,S,Third,woman,False,Southampton,yes,False,1
561,0,3,male,1.017723145577797,0,0,-0.6980165009651823,S,Third,man,True,Southampton,no,True,0
562,0,2,male,-0.1008063411400401,0,0,-0.47009007778808937,S,Second,man,True,Southampton,no,True,0
565,0,3,male,-0.47364950337931966,2,0,-0.036947719050706686,S,Third,man,True,Southampton,no,False,2
566,0,3,male,-0.9397034561784184,0,0,-0.6980165009651823,S,Third,man,True,Southampton,no,True,0
567,0,3,female,-0.007595550580220341,0,4,-0.16200994939037344,S,Third,woman,False,Southampton,no,False,4
569,1,3,male,0.27203682109923893,0,0,-0.6997083997561191,S,Third,man,True,Southampton,yes,True,0
571,1,1,female,2.229463422855455,2,0,1.0745484453066343,S,First,woman,False,Southampton,yes,False,2
572,1,1,male,0.644879983338518,0,0,0.0540528469281566,S,First,man,True,Southampton,yes,True,0
574,0,3,male,-1.219335827857878,0,0,-0.6917450876583933,S,Third,man,True,Southampton,no,True,0
575,0,3,male,-0.9397034561784184,0,0,-0.4294194337751896,S,Third,man,True,Southampton,no,True,0
576,1,2,female,0.45845840221887846,0,0,-0.49042539979453925,S,Second,woman,False,Southampton,yes,True,0
577,1,1,female,0.9245123550179772,1,0,1.2543452283588616,S,First,woman,False,Southampton,yes,False,1
578,0,3,female,0.057569757996452996,1,0,-0.43111539963052753,C,Third,woman,False,Cherbourg,no,False,1
579,1,3,male,0.27203682109923893,0,0,-0.6968289181600057,S,Third,man,True,Southampton,yes,True,0
580,1,2,female,-0.3804387128194999,1,1,0.20097554842475718,S,Second,woman,False,Southampton,yes,False,2
581,1,1,female,0.9245123550179772,1,1,3.4905514493133345,C,First,woman,False,Cherbourg,yes,False,2
582,0,2,male,2.322674213415275,0,0,0.03829297237315804,S,Second,man,True,Southampton,no,True,0
583,0,1,male,0.644879983338518,0,0,0.6127658190553674,C,First,man,True,Cherbourg,no,True,0
584,0,3,male,0.057569757996452996,0,0,-0.6648007859998472,C,Third,man,True,Cherbourg,no,True,0
585,1,1,female,-1.0329142467382382,0,2,2.220273023665232,S,First,woman,False,Southampton,yes,False,2
586,0,2,male,1.670198679496536,0,0,-0.4090841117687397,S,Second,man,True,Southampton,no,True,0
590,0,3,male,0.5516691927786982,0,0,-0.7293654333703254,S,Third,man,True,Southampton,no,True,0
591,1,1,female,2.1362526322956352,1,0,2.1640133218021878,C,First,woman,False,Cherbourg,yes,False,1
592,0,3,male,1.670198679496536,0,0,-0.724281602868713,S,Third,man,True,Southampton,no,True,0
593,0,3,female,0.057569757996452996,0,2,-0.7039462808622632,Q,Third,woman,False,Queenstown,no,False,2
594,0,2,male,0.7380907738983378,1,0,0.03829297237315804,S,Second,man,True,Southampton,no,False,1
595,0,3,male,0.644879983338518,1,1,-0.036947719050706686,S,Third,man,True,Southampton,no,False,2
596,1,2,female,0.057569757996452996,0,0,0.32298748046345666,S,Second,woman,False,Southampton,yes,True,0
597,0,3,male,1.8566202606161755,0,0,-1.0191437719622365,S,Third,man,True,Southampton,no,True,0
599,1,1,male,1.8566202606161755,1,0,1.2962034551769381,C,First,man,True,Cherbourg,yes,False,1
600,1,2,female,-0.47364950337931966,2,1,0.07896361638605782,S,Second,woman,False,Southampton,yes,False,3
602,0,1,male,0.057569757996452996,0,0,0.7052915341847146,S,First,man,True,Southampton,no,True,0
603,0,3,male,1.3905663078170767,0,0,-0.6917450876583933,S,Third,man,True,Southampton,no,True,0
604,1,1,male,0.5516691927786982,0,0,0.0606618265802529,C,First,man,True,Cherbourg,yes,True,0
605,0,3,male,0.644879983338518,1,0,-0.3867152575616448,S,Third,man,True,Southampton,no,False,1
606,0,3,male,0.08561523997959943,0,0,-0.6980165009651823,S,Third,man,True,Southampton,no,True,0
607,1,1,male,-0.19401713169985987,0,0,0.22131087043120698,S,First,man,True,Southampton,yes,True,0
608,1,2,female,-0.6600710844989592,1,2,0.6719090695789264,C,Second,woman,False,Cherbourg,yes,False,3
610,0,3,female,0.9245123550179772,1,5,0.2528306195412044,S,Third,woman,False,Southampton,no,False,6
611,0,3,male,0.057569757996452996,0,0,-0.732415731671293,S,Third,man,True,Southampton,no,True,0
615,1,2,female,-0.47364950337931966,1,2,1.6244480888762496,S,Second,woman,False,Southampton,yes,False,3
616,0,3,male,0.45845840221887846,1,1,-0.4334864981764796,S,Third,man,True,Southampton,no,False,2
617,0,3,female,-0.28722792225967964,1,0,-0.3643464033545498,S,Third,woman,False,Southampton,no,False,1
618,1,2,female,-2.3378653145757156,2,1,0.5670113445408553,S,Second,child,False,Southampton,yes,False,3
619,0,2,male,-0.28722792225967964,0,0,-0.5921020098267887,S,Second,man,True,Southampton,no,True,0
620,0,3,male,-0.19401713169985987,1,0,-0.4312821492709804,C,Third,man,True,Cherbourg,no,False,1
621,1,1,male,1.204144726697437,1,0,1.1182693876205017,S,First,man,True,Southampton,yes,False,1
622,1,3,male,-0.8464926656185987,1,1,-0.3789186951043719,C,Third,man,True,Cherbourg,yes,False,2
623,0,3,male,-0.753281875058779,0,0,-0.6997083997561191,S,Third,man,True,Southampton,no,True,0
624,0,3,male,-0.753281875058779,0,0,-0.3643464033545498,S,Third,man,True,Southampton,no,True,0
627,1,1,female,-0.753281875058779,0,0,2.151470495188609,S,First,woman,False,Southampton,yes,True,0
628,0,3,male,-0.28722792225967964,0,0,-0.6980165009651823,S,Third,man,True,Southampton,no,True,0
629,0,3,male,0.057569757996452996,0,0,-0.7046254806172786,Q,Third,man,True,Queenstown,no,True,0
631,0,3,male,2.043041841735815,0,0,-0.7322449149664388,S,Third,man,True,Southampton,no,True,0
632,1,1,male,0.27203682109923893,0,0,0.22131087043120698,C,First,man,True,Cherbourg,yes,True,0
633,0,1,male,0.057569757996452996,0,0,-1.0191437719622365,S,First,man,True,Southampton,no,True,0
634,0,3,female,-1.8718113617766163,3,2,0.11556719599766753,S,Third,child,False,Southampton,no,False,5
637,0,2,male,0.17882603053941917,1,1,0.048460633376382956,S,Second,man,True,Southampton,no,False,2
638,0,3,female,1.1109339361376174,0,5,0.594972412299724,S,Third,woman,False,Southampton,no,False,5
639,0,3,male,0.057569757996452996,1,0,-0.3643464033545498,S,Third,man,True,Southampton,no,False,1
643,1,3,male,0.057569757996452996,0,0,1.2785767980617477,S,Third,man,True,Southampton,yes,True,0
645,1,1,male,1.7634094700563556,1,0,2.101482206632354,C,First,man,True,Cherbourg,yes,False,1
648,0,3,male,0.057569757996452996,0,0,-0.7120804096648431,S,Third,man,True,Southampton,no,True,0
649,1,3,female,-0.5668602939391394,0,0,-0.7120804096648431,S,Third,woman,False,Southampton,yes,True,0
651,1,2,female,-1.0329142467382382,0,1,-0.08371895966554144,S,Second,woman,False,Southampton,yes,False,1
652,0,3,male,-0.753281875058779,0,0,-0.6761560298082487,S,Third,man,True,Southampton,no,True,0
653,1,3,female,0.057569757996452996,0,0,-0.7007251658564416,Q,Third,woman,False,Queenstown,yes,True,0
654,0,3,female,-1.0329142467382382,0,0,-0.744616924875163,Q,Third,woman,False,Queenstown,no,True,0
655,0,2,male,-0.47364950337931966,2,0,1.9701485629858984,S,Second,man,True,Southampton,no,False,2
657,0,3,female,0.27203682109923893,1,1,-0.3887487897622899,Q,Third,woman,False,Queenstown,no,False,2
658,0,2,male,-0.5668602939391394,0,0,-0.49042539979453925,S,Second,man,True,Southampton,no,True,0
661,0,3,male,1.017723145577797,0,0,-0.7252983689690355,C,Third,man,True,Cherbourg,no,True,0
662,0,1,male,1.670198679496536,0,0,0.021516331717836828,S,First,man,True,Southampton,no,True,0
663,0,3,male,0.644879983338518,0,0,-0.7142847585703423,S,Third,man,True,Southampton,no,True,0
664,1,3,male,-0.8464926656185987,1,0,-0.6968289181600057,S,Third,man,True,Southampton,yes,False,1
665,0,2,male,0.27203682109923893,2,0,1.9701485629858984,S,Second,man,True,Southampton,no,False,2
667,0,3,male,0.057569757996452996,0,0,-0.7029295147619407,S,Third,man,True,Southampton,no,True,0
668,0,3,male,1.2973555172572568,0,0,-0.6917450876583933,S,Third,man,True,Southampton,no,True,0
669,1,1,female,0.057569757996452996,1,0,1.0957297167085527,S,First,woman,False,Southampton,yes,False,1
670,1,2,female,1.017723145577797,1,1,0.5670113445408553,S,Second,woman,False,Southampton,yes,False,2
671,0,1,male,0.17882603053941917,1,0,1.0957297167085527,S,First,man,True,Southampton,no,False,1
673,1,2,male,0.17882603053941917,0,0,-0.49042539979453925,S,Second,man,True,Southampton,yes,True,0
675,0,3,male,-1.0329142467382382,0,0,-0.7029295147619407,S,Third,man,True,Southampton,no,True,0
676,0,3,male,-0.4270441080994098,0,0,-0.6917450876583933,S,Third,man,True,Southampton,no,True,0
677,1,3,female,-1.0329142467382382,0,0,-0.6188754947804807,S,Third,woman,False,Southampton,yes,True,0
678,0,3,female,1.2973555172572568,1,6,0.8883094322427635,S,Third,woman,False,Southampton,no,False,7
680,0,3,female,0.057569757996452996,0,0,-0.6881864063072645,Q,Third,woman,False,Queenstown,no,True,0
681,1,1,male,-0.19401713169985987,0,0,2.101482206632354,C,First,man,True,Cherbourg,yes,True,0
682,0,3,male,-0.8464926656185987,0,0,-0.643957080943236,S,Third,man,True,Southampton,no,True,0
683,0,3,male,-1.4057574089775176,5,2,0.8883094322427635,S,Third,child,False,Southampton,no,False,7
685,0,2,male,-0.3804387128194999,1,2,0.6719090695789264,C,Second,man,True,Cherbourg,no,False,3
686,0,3,male,-1.4057574089775176,4,1,0.594972412299724,S,Third,child,False,Southampton,no,False,5
687,0,3,male,-0.9397034561784184,0,0,-0.6054907858358354,S,Third,man,True,Southampton,no,True,0
688,0,3,male,-1.0329142467382382,0,0,-0.7020835653664724,S,Third,man,True,Southampton,no,True,0
690,1,1,male,0.17882603053941917,1,0,1.2990829367730514,S,First,man,True,Southampton,yes,False,1
691,1,3,female,-2.3378653145757156,0,1,-0.4734779424343639,C,Third,child,False,Cherbourg,yes,False,1
693,0,3,male,-0.3804387128194999,0,0,-0.7252983689690355,C,Third,man,True,Cherbourg,no,True,0
695,0,2,male,2.1362526322956352,0,0,-0.47009007778808937,S,Second,man,True,Southampton,no,True,0
697,1,3,female,0.057569757996452996,0,0,-0.7046254806172786,Q,Third,woman,False,Queenstown,yes,True,0
698,0,1,male,1.8566202606161755,1,1,3.4905514493133345,C,First,man,True,Cherbourg,no,False,2
699,0,3,male,1.204144726697437,0,0,-0.7080133452635532,S,Third,man,True,Southampton,no,True,0
701,1,1,male,0.5516691927786982,0,0,0.0499857825268668,S,First,man,True,Southampton,yes,True,0
702,0,3,female,-1.0329142467382382,0,1,-0.4312821492709804,C,Third,woman,False,Cherbourg,no,False,1
703,0,3,male,-0.3804387128194999,0,0,-0.7042838472075703,Q,Third,man,True,Queenstown,no,True,0
704,0,3,male,-0.28722792225967964,1,0,-0.6997083997561191,S,Third,man,True,Southampton,no,False,1
705,0,2,male,0.9245123550179772,0,0,0.03829297237315804,S,Second,man,True,Southampton,no,True,0
706,1,2,female,1.4837770983768963,0,0,-0.47009007778808937,S,Second,woman,False,Southampton,yes,True,0
707,1,1,male,1.204144726697437,0,0,0.0499857825268668,S,First,man,True,Southampton,yes,True,0
710,1,1,female,-0.47364950337931966,0,0,0.9942239233811572,C,First,woman,False,Cherbourg,yes,True,0
711,0,1,male,0.057569757996452996,0,0,0.0606618265802529,S,First,man,True,Southampton,no,True,0
712,1,1,male,1.7634094700563556,1,0,1.0957297167085527,S,First,man,True,Southampton,yes,False,1
713,0,3,male,-0.007595550580220341,0,0,-0.633451853594704,S,Third,man,True,Southampton,no,True,0
714,0,2,male,2.1362526322956352,0,0,-0.49042539979453925,S,Second,man,True,Southampton,no,True,0
715,0,3,male,-0.9397034561784184,0,0,-0.7080133452635532,S,Third,man,True,Southampton,no,True,0
717,1,2,female,-0.19401713169985987,0,0,-0.5921020098267887,S,Second,woman,False,Southampton,yes,True,0
718,0,3,male,0.057569757996452996,0,0,-0.3887487897622899,Q,Third,man,True,Queenstown,no,True,0
719,0,3,male,0.3652476116590587,0,0,-0.7029295147619407,S,Third,man,True,Southampton,no,True,0
720,1,2,female,-2.151443733456076,0,1,0.32298748046345666,S,Second,child,False,Southampton,yes,False,1
721,0,3,male,-1.126125037298058,1,0,-0.7322449149664388,S,Third,man,True,Southampton,no,False,1
722,0,2,male,0.45845840221887846,0,0,-0.49042539979453925,S,Second,man,True,Southampton,no,True,0
723,0,2,male,1.949831051175995,0,0,-0.49042539979453925,S,Second,man,True,Southampton,no,True,0
724,1,1,male,-0.19401713169985987,1,0,1.1404674251227425,S,First,man,True,Southampton,yes,False,1
725,0,3,male,-0.8464926656185987,0,0,-0.666834318200492,S,Third,man,True,Southampton,no,True,0
726,1,2,female,0.08561523997959943,3,0,-0.165060247691341,S,Second,woman,False,Southampton,yes,False,3
727,1,3,female,0.057569757996452996,0,0,-0.7044546639124244,Q,Third,woman,False,Queenstown,yes,True,0
728,0,2,male,-0.3804387128194999,1,0,0.03829297237315804,S,Second,man,True,Southampton,no,False,1
729,0,3,female,-0.3804387128194999,1,0,-0.6968289181600057,S,Third,woman,False,Southampton,no,False,1
731,0,3,male,-1.6853897806569769,0,0,-0.25504404756988164,C,Third,child,False,Cherbourg,no,True,0
735,0,3,male,-0.054200945860130224,0,0,-0.3643464033545498,S,Third,man,True,Southampton,no,True,0
736,0,3,female,1.7634094700563556,1,3,0.37890961598119366,S,Third,woman,False,Southampton,no,False,4
740,1,1,male,0.057569757996452996,0,0,0.20097554842475718,S,First,man,True,Southampton,yes,True,0
741,0,1,male,0.644879983338518,1,0,2.1877365084549116,S,First,man,True,Southampton,no,False,1
743,0,3,male,-0.47364950337931966,1,0,-0.3643464033545498,S,Third,man,True,Southampton,no,False,1
744,1,3,male,0.17882603053941917,0,0,-0.6968289181600057,S,Third,man,True,Southampton,yes,True,0
746,0,3,male,-1.219335827857878,1,1,-0.19556323070101575,S,Third,man,True,Southampton,no,False,2
747,1,2,female,0.08561523997959943,0,0,-0.49042539979453925,S,Second,woman,False,Southampton,yes,True,0
748,0,1,male,-0.9397034561784184,1,0,1.1404674251227425,S,First,man,True,Southampton,no,False,1
749,0,3,male,0.17882603053941917,0,0,-0.7039462808622632,Q,Third,man,True,Queenstown,no,True,0
750,1,2,female,-2.3378653145757156,1,1,-0.08371895966554144,S,Second,child,False,Southampton,yes,False,2
751,1,3,male,-2.151443733456076,0,1,-0.5117774879013116,S,Third,child,False,Southampton,yes,False,1
752,0,3,male,0.3652476116590587,0,0,-0.6327726538396886,S,Third,man,True,Southampton,no,True,0
753,0,3,male,-0.5668602939391394,0,0,-0.6980165009651823,S,Third,man,True,Southampton,no,True,0
754,1,2,female,1.7634094700563556,1,2,1.6244480888762496,S,Second,woman,False,Southampton,yes,False,3
756,0,3,male,-0.1008063411400401,0,0,-0.7020835653664724,S,Third,man,True,Southampton,no,True,0
759,1,1,female,0.3652476116590587,0,0,2.4988669351535955,S,First,woman,False,Southampton,yes,True,0
761,0,3,male,1.1109339361376174,0,0,-0.7293654333703254,S,Third,man,True,Southampton,no,True,0
762,1,3,male,-0.8464926656185987,0,0,-0.7251275522641815,C,Third,man,True,Cherbourg,yes,True,0
763,1,1,female,0.644879983338518,1,2,3.861333509585738,S,First,woman,False,Southampton,yes,False,3
764,0,3,male,-1.219335827857878,0,0,-0.7029295147619407,S,Third,man,True,Southampton,no,True,0
765,1,1,female,2.043041841735815,1,0,2.151470495188609,S,First,woman,False,Southampton,yes,False,1
766,0,1,male,0.057569757996452996,0,0,0.5914137309485953,C,First,man,True,Cherbourg,no,True,0
767,0,3,female,0.1322206352595093,0,0,-0.7039462808622632,Q,Third,woman,False,Queenstown,no,True,0
768,0,3,male,0.057569757996452996,1,0,-0.036947719050706686,Q,Third,man,True,Queenstown,no,False,1
769,0,3,male,0.27203682109923893,0,0,-0.679035511404362,S,Third,man,True,Southampton,no,True,0
770,0,3,male,-0.47364950337931966,0,0,-0.6327726538396886,S,Third,man,True,Southampton,no,True,0
771,0,3,male,1.7634094700563556,0,0,-0.6997083997561191,S,Third,man,True,Southampton,no,True,0
774,1,2,female,2.322674213415275,1,3,-0.08371895966554144,S,Second,woman,False,Southampton,yes,False,4
775,0,3,male,-1.0329142467382382,0,0,-0.7039462808622632,S,Third,man,True,Southampton,no,True,0
777,1,3,female,-2.2446545240158957,0,0,-0.5117774879013116,S,Third,child,False,Southampton,yes,True,0
778,0,3,male,0.057569757996452996,0,0,-0.7044546639124244,Q,Third,man,True,Queenstown,no,True,0
780,1,3,female,-1.4989681995373374,0,0,-0.7251275522641815,C,Third,child,False,Cherbourg,yes,True,0
781,1,1,female,-1.126125037298058,1,0,1.2990829367730514,S,First,woman,False,Southampton,yes,False,1
782,0,1,male,-0.007595550580220341,0,0,0.20097554842475718,S,First,man,True,Southampton,no,True,0
783,0,3,male,0.057569757996452996,1,2,-0.06541716985973652,S,Third,man,True,Southampton,no,False,3
784,0,3,male,-0.3804387128194999,0,0,-0.732415731671293,S,Third,man,True,Southampton,no,True,0
785,0,3,male,-0.3804387128194999,0,0,-0.724281602868713,S,Third,man,True,Southampton,no,True,0
786,1,3,female,-1.0329142467382382,0,0,-0.7142847585703423,S,Third,woman,False,Southampton,yes,True,0
787,0,3,male,-1.9650221523364362,4,1,0.16538873491346984,Q,Third,child,False,Queenstown,no,False,5
789,0,1,male,1.5769878889367162,0,0,2.201971233859427,C,First,man,True,Cherbourg,no,True,0
791,0,2,male,-1.219335827857878,0,0,0.03829297237315804,S,Second,man,True,Southampton,no,True,0
793,0,1,male,0.057569757996452996,0,0,0.22927418252893264,C,First,man,True,Cherbourg,no,True,0
794,0,3,male,-0.3804387128194999,0,0,-0.6980165009651823,S,Third,man,True,Southampton,no,True,0
795,0,2,male,0.9245123550179772,0,0,-0.49042539979453925,S,Second,man,True,Southampton,no,True,0
796,1,1,female,1.8566202606161755,0,0,0.035413490777044705,S,First,woman,False,Southampton,yes,True,0
797,1,3,female,0.17882603053941917,0,0,-0.6659883688050239,S,Third,woman,False,Southampton,yes,True,0
798,0,3,male,0.08561523997959943,0,0,-0.7251275522641815,C,Third,man,True,Cherbourg,no,True,0
799,0,3,female,0.08561523997959943,1,1,-0.036947719050706686,S,Third,woman,False,Southampton,no,False,2
801,1,2,female,0.17882603053941917,1,1,0.048460633376382956,S,Second,woman,False,Southampton,yes,False,2
802,1,1,male,-1.6853897806569769,1,2,3.861333509585738,S,First,child,False,Southampton,yes,False,3
804,1,3,male,-0.19401713169985987,0,0,-0.7354660299722606,S,Third,man,True,Southampton,yes,True,0
805,0,3,male,0.17882603053941917,0,0,-0.7029295147619407,S,Third,man,True,Southampton,no,True,0
806,0,1,male,0.9245123550179772,0,0,-1.0191437719622365,S,First,man,True,Southampton,no,True,0
807,0,3,female,-1.0329142467382382,0,0,-0.7029295147619407,S,Third,woman,False,Southampton,no,True,0
809,1,1,female,0.3652476116590587,1,0,1.1404674251227425,S,First,woman,False,Southampton,yes,False,1
810,0,3,male,-0.28722792225967964,0,0,-0.6983540673104894,S,Third,man,True,Southampton,no,True,0
811,0,3,male,0.9245123550179772,0,0,-0.036947719050706686,S,Third,man,True,Southampton,no,True,0
812,0,2,male,0.5516691927786982,0,0,-0.5921020098267887,S,Second,man,True,Southampton,no,True,0
813,0,3,female,-2.151443733456076,4,2,0.2528306195412044,S,Third,child,False,Southampton,no,False,6
814,0,3,male,0.1322206352595093,0,0,-0.6917450876583933,S,Third,man,True,Southampton,no,True,0
816,0,3,female,-0.5668602939391394,0,0,-0.6968289181600057,S,Third,woman,False,Southampton,no,True,0
817,0,2,male,0.17882603053941917,1,1,0.4858408732199097,C,Second,man,True,Cherbourg,no,False,2
818,0,3,male,1.2973555172572568,0,0,-0.756818118079033,S,Third,man,True,Southampton,no,True,0
819,0,3,male,-1.7786005712167967,3,2,0.11556719599766753,S,Third,child,False,Southampton,no,False,5
820,1,1,female,2.1362526322956352,1,1,2.783561443243894,S,First,woman,False,Southampton,yes,False,2
821,1,3,male,-0.19401713169985987,0,0,-0.666834318200492,S,Third,man,True,Southampton,yes,True,0
822,0,1,male,0.8313015644581575,0,0,-1.0191437719622365,S,First,man,True,Southampton,no,True,0
823,1,3,female,-0.19401713169985987,0,1,-0.5117774879013116,S,Third,woman,False,Southampton,yes,False,1
825,0,3,male,0.057569757996452996,0,0,-0.7364827960725829,Q,Third,man,True,Queenstown,no,True,0
826,0,3,male,0.057569757996452996,0,0,1.2785767980617477,S,Third,man,True,Southampton,no,True,0
828,1,3,male,0.057569757996452996,0,0,-0.7039462808622632,Q,Third,man,True,Queenstown,yes,True,0
830,1,3,female,-1.3125466184176977,1,0,-0.4312821492709804,C,Third,child,False,Cherbourg,yes,False,1
833,0,3,male,-0.5668602939391394,0,0,-0.6997083997561191,S,Third,man,True,Southampton,no,True,0
834,0,3,male,-1.0329142467382382,0,0,-0.6815774266551684,S,Third,man,True,Southampton,no,True,0
835,1,1,female,0.9245123550179772,1,1,2.3629578440556878,C,First,woman,False,Cherbourg,yes,False,2
836,0,3,male,-0.753281875058779,0,0,-0.666834318200492,S,Third,man,True,Southampton,no,True,0
839,1,1,male,0.057569757996452996,0,0,0.18877435522088723,C,First,man,True,Cherbourg,yes,True,0
840,0,3,male,-0.8464926656185987,0,0,-0.6968289181600057,S,Third,man,True,Southampton,no,True,0
841,0,2,male,-1.219335827857878,0,0,-0.5921020098267887,S,Second,man,True,Southampton,no,True,0
842,1,1,female,0.08561523997959943,0,0,0.2416461924376568,C,First,woman,False,Cherbourg,yes,True,0
843,0,3,male,0.5050637974987884,0,0,-0.7573265011291941,C,Third,man,True,Cherbourg,no,True,0
845,0,3,male,1.204144726697437,0,0,-0.7120804096648431,S,Third,man,True,Southampton,no,True,0
847,0,3,male,0.5516691927786982,0,0,-0.6980165009651823,C,Third,man,True,Cherbourg,no,True,0
848,0,2,male,-0.1008063411400401,0,1,0.32298748046345666,S,Second,man,True,Southampton,no,False,1
849,1,1,female,0.057569757996452996,1,0,2.6047814262919897,C,First,woman,False,Cherbourg,yes,False,1
850,0,3,male,-2.3378653145757156,4,2,0.2528306195412044,S,Third,child,False,Southampton,no,False,6
852,0,3,female,-1.8718113617766163,1,1,-0.399087267470369,C,Third,child,False,Cherbourg,no,False,2
853,1,1,female,-1.219335827857878,0,1,0.583279602146015,S,First,woman,False,Southampton,yes,False,1
854,0,2,female,1.3905663078170767,1,0,0.03829297237315804,S,Second,woman,False,Southampton,no,False,1
855,1,3,female,-1.0329142467382382,0,1,-0.6388732504416236,S,Third,woman,False,Southampton,yes,False,1
857,1,1,male,2.043041841735815,0,0,0.0606618265802529,S,First,man,True,Southampton,yes,True,0
858,1,3,female,-0.47364950337931966,0,3,-0.23589630836860853,C,Third,woman,False,Cherbourg,yes,False,3
860,0,3,male,1.1109339361376174,2,0,-0.4453501250350424,S,Third,man,True,Southampton,no,False,2
861,0,2,male,-0.753281875058779,1,0,-0.551431365813889,S,Second,man,True,Southampton,no,False,1
862,1,1,female,1.7634094700563556,0,0,0.035413490777044705,S,First,woman,False,Southampton,yes,True,0
864,0,2,male,-0.47364950337931966,0,0,-0.49042539979453925,S,Second,man,True,Southampton,no,True,0
865,1,2,female,1.204144726697437,0,0,-0.49042539979453925,S,Second,woman,False,Southampton,yes,True,0
866,1,2,female,-0.19401713169985987,1,0,-0.4555177860382674,C,Second,woman,False,Cherbourg,yes,False,1
867,0,1,male,0.17882603053941917,0,0,1.0345529339843487,S,First,man,True,Southampton,no,True,0
868,0,3,male,0.057569757996452996,0,0,-0.6327726538396886,S,Third,man,True,Southampton,no,True,0
869,1,3,male,-2.3378653145757156,1,1,-0.5663452909734193,S,Third,child,False,Southampton,yes,False,2
871,1,1,female,1.670198679496536,1,1,1.1182693876205017,S,First,woman,False,Southampton,yes,False,2
872,0,1,male,0.3652476116590587,0,0,-0.8157905518977376,S,First,man,True,Southampton,no,True,0
873,0,3,male,1.670198679496536,0,0,-0.6531079758461383,S,Third,man,True,Southampton,no,True,0
874,1,2,female,-0.1008063411400401,1,0,-0.04304831565264152,C,Second,woman,False,Cherbourg,yes,False,1
875,1,3,female,-1.3125466184176977,0,0,-0.7252983689690355,C,Third,child,False,Cherbourg,yes,True,0
876,0,3,male,-0.8464926656185987,0,0,-0.6187087451400278,S,Third,man,True,Southampton,no,True,0
880,1,2,female,-0.3804387128194999,0,1,0.03829297237315804,S,Second,woman,False,Southampton,yes,False,1
881,0,3,male,0.3652476116590587,0,0,-0.6980165009651823,S,Third,man,True,Southampton,no,True,0
882,0,3,female,-0.6600710844989592,0,0,-0.5914228100717733,S,Third,woman,False,Southampton,no,True,0
883,0,2,male,-0.1008063411400401,0,0,-0.5921020098267887,S,Second,man,True,Southampton,no,True,0
885,0,3,female,0.9245123550179772,0,5,0.16538873491346984,Q,Third,woman,False,Queenstown,no,False,5
887,1,1,female,-0.9397034561784184,0,0,0.20097554842475718,S,First,woman,False,Southampton,yes,True,0
888,0,3,female,0.057569757996452996,1,2,-0.06541716985973652,S,Third,woman,False,Southampton,no,False,3
889,1,1,male,-0.28722792225967964,0,0,0.20097554842475718,C,First,man,True,Cherbourg,yes,True,0
890,0,3,male,0.27203682109923893,0,0,-0.7039462808622632,Q,Third,man,True,Queenstown,no,True,0
