,survived,pclass,sex,age,sibsp,parch,fare,embarked,class,who,adult_male,deck,embark_town,alive,alone,new_age,sex_code,embarked_num
0,0,3,male,22.0,1,0,7.25,S,Third,man,True,,Southampton,no,False,young adult,0,0
1,1,1,female,38.0,1,0,71.2833,C,First,woman,False,C,Cherbourg,yes,False,adult,1,1
2,1,3,female,26.0,0,0,7.925,S,Third,woman,False,,Southampton,yes,True,adult,1,0
3,1,1,female,35.0,1,0,53.1,S,First,woman,False,C,Southampton,yes,False,adult,1,0
4,0,3,male,35.0,0,0,8.05,S,Third,man,True,,Southampton,no,True,adult,0,0
5,0,3,male,,0,0,8.4583,Q,Third,man,True,,Queenstown,no,True,,0,2
6,0,1,male,54.0,0,0,51.8625,S,First,man,True,E,Southampton,no,True,adult,0,0
7,0,3,male,2.0,3,1,21.075,S,Third,child,False,,Southampton,no,False,child,0,0
8,1,3,female,27.0,0,2,11.1333,S,Third,woman,False,,Southampton,yes,False,adult,1,0
9,1,2,female,14.0,1,0,30.0708,C,Second,child,False,,Cherbourg,yes,False,child,1,1
10,1,3,female,4.0,1,1,16.7,S,Third,child,False,G,Southampton,yes,False,child,1,0
11,1,1,female,58.0,0,0,26.55,S,First,woman,False,C,Southampton,yes,True,adult,1,0
12,0,3,male,20.0,0,0,8.05,S,Third,man,True,,Southampton,no,True,young adult,0,0
13,0,3,male,39.0,1,5,31.275,S,Third,man,True,,Southampton,no,False,adult,0,0
14,0,3,female,14.0,0,0,7.8542,S,Third,child,False,,Southampton,no,True,child,1,0
15,1,2,female,55.0,0,0,16.0,S,Second,woman,False,,Southampton,yes,True,adult,1,0
16,0,3,male,2.0,4,1,29.125,Q,Third,child,False,,Queenstown,no,False,child,0,2
17,1,2,male,,0,0,13.0,S,Second,man,True,,Southampton,yes,True,,0,0
18,0,3,female,31.0,1,0,18.0,S,Third,woman,False,,Southampton,no,False,adult,1,0
19,1,3,female,,0,0,7.225,C,Third,woman,False,,Cherbourg,yes,True,,1,1
20,0,2,male,35.0,0,0,26.0,S,Second,man,True,,Southampton,no,True,adult,0,0
21,1,2,male,34.0,0,0,13.0,S,Second,man,True,D,Southampton,yes,True,adult,0,0
22,1,3,female,15.0,0,0,8.0292,Q,Third,child,False,,Queenstown,yes,True,child,1,2
23,1,1,male,28.0,0,0,35.5,S,First,man,True,A,Southampton,yes,True,adult,0,0
24,0,3,female,8.0,3,1,21.075,S,Third,child,False,,Southampton,no,False,child,1,0
25,1,3,female,38.0,1,5,31.3875,S,Third,woman,False,,Southampton,yes,False,adult,1,0
26,0,3,male,,0,0,7.225,C,Third,man,True,,Cherbourg,no,True,,0,1
27,0,1,male,19.0,3,2,263.0,S,First,man,True,C,Southampton,no,False,young adult,0,0
28,1,3,female,,0,0,7.8792,Q,Third,woman,False,,Queenstown,yes,True,,1,2
29,0,3,male,,0,0,7.8958,S,Third,man,True,,Southampton,no,True,,0,0
30,0,1,male,40.0,0,0,27.7208,C,First,man,True,,Cherbourg,no,True,adult,0,1
31,1,1,female,,1,0,146.5208,C,First,woman,False,B,Cherbourg,yes,False,,1,1
32,1,3,female,,0,0,7.75,Q,Third,woman,False,,Queenstown,yes,True,,1,2
33,0,2,male,66.0,0,0,10.5,S,Second,man,True,,Southampton,no,True,adult,0,0
34,0,1,male,28.0,1,0,82.1708,C,First,man,True,,Cherbourg,no,False,adult,0,1
35,0,1,male,42.0,1,0,52.0,S,First,man,True,,Southampton,no,False,adult,0,0
36,1,3,male,,0,0,7.2292,C,Third,man,True,,Cherbourg,yes,True,,0,1
37,0,3,male,21.0,0,0,8.05,S,Third,man,True,,Southampton,no,True,young adult,0,0
38,0,3,female,18.0,2,0,18.0,S,Third,woman,False,,Southampton,no,False,child,1,0
39,1,3,female,14.0,1,0,11.2417,C,Third,child,False,,Cherbourg,yes,False,child,1,1
40,0,3,female,40.0,1,0,9.475,S,Third,woman,False,,Southampton,no,False,adult,1,0
41,0,2,female,27.0,1,0,21.0,S,Second,woman,False,,Southampton,no,False,adult,1,0
42,0,3,male,,0,0,7.8958,C,Third,man,True,,Cherbourg,no,True,,0,1
43,1,2,female,3.0,1,2,41.5792,C,Second,child,False,,Cherbourg,yes,False,child,1,1
44,1,3,female,19.0,0,0,7.8792,Q,Third,woman,False,,Queenstown,yes,True,young adult,1,2
45,0,3,male,,0,0,8.05,S,Third,man,True,,Southampton,no,True,,0,0
46,0,3,male,,1,0,15.5,Q,Third,man,True,,Queenstown,no,False,,0,2
47,1,3,female,,0,0,7.75,Q,Third,woman,False,,Queenstown,yes,True,,1,2
48,0,3,male,,2,0,21.6792,C,Third,man,True,,Cherbourg,no,False,,0,1
49,0,3,female,18.0,1,0,17.8,S,Third,woman,False,,Southampton,no,False,child,1,0
50,0,3,male,7.0,4,1,39.6875,S,Third,child,False,,Southampton,no,False,child,0,0
51,0,3,male,21.0,0,0,7.8,S,Third,man,True,,Southampton,no,True,young adult,0,0
52,1,1,female,49.0,1,0,76.7292,C,First,woman,False,D,Cherbourg,yes,False,adult,1,1
53,1,2,female,29.0,1,0,26.0,S,Second,woman,False,,Southampton,yes,False,adult,1,0
54,0,1,male,65.0,0,1,61.9792,C,First,man,True,B,Cherbourg,no,False,adult,0,1
55,1,1,male,,0,0,35.5,S,First,man,True,C,Southampton,yes,True,,0,0
56,1,2,female,21.0,0,0,10.5,S,Second,woman,False,,Southampton,yes,True,young adult,1,0
57,0,3,male,28.5,0,0,7.2292,C,Third,man,True,,Cherbourg,no,True,adult,0,1
58,1,2,female,5.0,1,2,27.75,S,Second,child,False,,Southampton,yes,False,child,1,0
59,0,3,male,11.0,5,2,46.9,S,Third,child,False,,Southampton,no,False,child,0,0
60,0,3,male,22.0,0,0,7.2292,C,Third,man,True,,Cherbourg,no,True,young adult,0,1
61,1,1,female,38.0,0,0,80.0,,First,woman,False,B,,yes,True,adult,1,-1
62,0,1,male,45.0,1,0,83.475,S,First,man,True,C,Southampton,no,False,adult,0,0
63,0,3,male,4.0,3,2,27.9,S,Third,child,False,,Southampton,no,False,child,0,0
64,0,1,male,,0,0,27.7208,C,First,man,True,,Cherbourg,no,True,,0,1
65,1,3,male,,1,1,15.2458,C,Third,man,True,,Cherbourg,yes,False,,0,1
66,1,2,female,29.0,0,0,10.5,S,Second,woman,False,F,Southampton,yes,True,adult,1,0
67,0,3,male,19.0,0,0,8.1583,S,Third,man,True,,Southampton,no,True,young adult,0,0
68,1,3,female,17.0,4,2,7.925,S,Third,woman,False,,Southampton,yes,False,child,1,0
69,0,3,male,26.0,2,0,8.6625,S,Third,man,True,,Southampton,no,False,adult,0,0
70,0,2,male,32.0,0,0,10.5,S,Second,man,True,,Southampton,no,True,adult,0,0
71,0,3,female,16.0,5,2,46.9,S,Third,woman,False,,Southampton,no,False,child,1,0
72,0,2,male,21.0,0,0,73.5,S,Second,man,True,,Southampton,no,True,young adult,0,0
73,0,3,male,26.0,1,0,14.4542,C,Third,man,True,,Cherbourg,no,False,adult,0,1
74,1,3,male,32.0,0,0,56.4958,S,Third,man,True,,Southampton,yes,True,adult,0,0
75,0,3,male,25.0,0,0,7.65,S,Third,man,True,F,Southampton,no,True,adult,0,0
76,0,3,male,,0,0,7.8958,S,Third,man,True,,Southampton,no,True,,0,0
77,0,3,male,,0,0,8.05,S,Third,man,True,,Southampton,no,True,,0,0
78,1,2,male,0.83,0,2,29.0,S,Second,child,False,,Southampton,yes,False,child,0,0
79,1,3,female,30.0,0,0,12.475,S,Third,woman,False,,Southampton,yes,True,adult,1,0
80,0,3,male,22.0,0,0,9.0,S,Third,man,True,,Southampton,no,True,young adult,0,0
81,1,3,male,29.0,0,0,9.5,S,Third,man,True,,Southampton,yes,True,adult,0,0
82,1,3,female,,0,0,7.7875,Q,Third,woman,False,,Queenstown,yes,True,,1,2
83,0,1,male,28.0,0,0,47.1,S,First,man,True,,Southampton,no,True,adult,0,0
84,1,2,female,17.0,0,0,10.5,S,Second,woman,False,,Southampton,yes,True,child,1,0
85,1,3,female,33.0,3,0,15.85,S,Third,woman,False,,Southampton,yes,False,adult,1,0
86,0,3,male,16.0,1,3,34.375,S,Third,man,True,,Southampton,no,False,child,0,0
87,0,3,male,,0,0,8.05,S,Third,man,True,,Southampton,no,True,,0,0
88,1,1,female,23.0,3,2,263.0,S,First,woman,False,C,Southampton,yes,False,young adult,1,0
89,0,3,male,24.0,0,0,8.05,S,Third,man,True,,Southampton,no,True,young adult,0,0
90,0,3,male,29.0,0,0,8.05,S,Third,man,True,,Southampton,no,True,adult,0,0
91,0,3,male,20.0,0,0,7.8542,S,Third,man,True,,Southampton,no,True,young adult,0,0
92,0,1,male,46.0,1,0,61.175,S,First,man,True,E,Southampton,no,False,adult,0,0
93,0,3,male,26.0,1,2,20.575,S,Third,man,True,,Southampton,no,False,adult,0,0
94,0,3,male,59.0,0,0,7.25,S,Third,man,True,,Southampton,no,True,adult,0,0
95,0,3,male,,0,0,8.05,S,Third,man,True,,Southampton,no,True,,0,0
96,0,1,male,71.0,0,0,34.6542,C,First,man,True,A,Cherbourg,no,True,adult,0,1
97,1,1,male,23.0,0,1,63.3583,C,First,man,True,D,Cherbourg,yes,False,young adult,0,1
98,1,2,female,34.0,0,1,23.0,S,Second,woman,False,,Southampton,yes,False,adult,1,0
99,0,2,male,34.0,1,0,26.0,S,Second,man,True,,Southampton,no,False,adult,0,0
100,0,3,female,28.0,0,0,7.8958,S,Third,woman,False,,Southampton,no,True,adult,1,0
101,0,3,male,,0,0,7.8958,S,Third,man,True,,Southampton,no,True,,0,0
102,0,1,male,21.0,0,1,77.2875,S,First,man,True,D,Southampton,no,False,young adult,0,0
103,0,3,male,33.0,0,0,8.6542,S,Third,man,True,,Southampton,no,True,adult,0,0
104,0,3,male,37.0,2,0,7.925,S,Third,man,True,,Southampton,no,False,adult,0,0
105,0,3,male,28.0,0,0,7.8958,S,Third,man,True,,Southampton,no,True,adult,0,0
106,1,3,female,21.0,0,0,7.65,S,Third,woman,False,,Southampton,yes,True,young adult,1,0
107,1,3,male,,0,0,7.775,S,Third,man,True,,Southampton,yes,True,,0,0
108,0,3,male,38.0,0,0,7.8958,S,Third,man,True,,Southampton,no,True,adult,0,0
109,1,3,female,,1,0,24.15,Q,Third,woman,False,,Queenstown,yes,False,,1,2
110,0,1,male,47.0,0,0,52.0,S,First,man,True,C,Southampton,no,True,adult,0,0
111,0,3,female,14.5,1,0,14.4542,C,Third,child,False,,Cherbourg,no,False,child,1,1
112,0,3,male,22.0,0,0,8.05,S,Third,man,True,,Southampton,no,True,young adult,0,0
113,0,3,female,20.0,1,0,9.825,S,Third,woman,False,,Southampton,no,False,young adult,1,0
114,0,3,female,17.0,0,0,14.4583,C,Third,woman,False,,Cherbourg,no,True,child,1,1
115,0,3,male,21.0,0,0,7.925,S,Third,man,True,,Southampton,no,True,young adult,0,0
116,0,3,male,70.5,0,0,7.75,Q,Third,man,True,,Queenstown,no,True,adult,0,2
117,0,2,male,29.0,1,0,21.0,S,Second,man,True,,Southampton,no,False,adult,0,0
118,0,1,male,24.0,0,1,247.5208,C,First,man,True,B,Cherbourg,no,False,young adult,0,1
119,0,3,female,2.0,4,2,31.275,S,Third,child,False,,Southampton,no,False,child,1,0
120,0,2,male,21.0,2,0,73.5,S,Second,man,True,,Southampton,no,False,young adult,0,0
121,0,3,male,,0,0,8.05,S,Third,man,True,,Southampton,no,True,,0,0
122,0,2,male,32.5,1,0,30.0708,C,Second,man,True,,Cherbourg,no,False,adult,0,1
123,1,2,female,32.5,0,0,13.0,S,Second,woman,False,E,Southampton,yes,True,adult,1,0
124,0,1,male,54.0,0,1,77.2875,S,First,man,True,D,Southampton,no,False,adult,0,0
125,1,3,male,12.0,1,0,11.2417,C,Third,child,False,,Cherbourg,yes,False,child,0,1
126,0,3,male,,0,0,7.75,Q,Third,man,True,,Queenstown,no,True,,0,2
127,1,3,male,24.0,0,0,7.1417,S,Third,man,True,,Southampton,yes,True,young adult,0,0
128,1,3,female,,1,1,22.3583,C,Third,woman,False,F,Cherbourg,yes,False,,1,1
129,0,3,male,45.0,0,0,6.975,S,Third,man,True,,Southampton,no,True,adult,0,0
130,0,3,male,33.0,0,0,7.8958,C,Third,man,True,,Cherbourg,no,True,adult,0,1
131,0,3,male,20.0,0,0,7.05,S,Third,man,True,,Southampton,no,True,young adult,0,0
132,0,3,female,47.0,1,0,14.5,S,Third,woman,False,,Southampton,no,False,adult,1,0
133,1,2,female,29.0,1,0,26.0,S,Second,woman,False,,Southampton,yes,False,adult,1,0
134,0,2,male,25.0,0,0,13.0,S,Second,man,True,,Southampton,no,True,adult,0,0
135,0,2,male,23.0,0,0,15.0458,C,Second,man,True,,Cherbourg,no,True,young adult,0,1
136,1,1,female,19.0,0,2,26.2833,S,First,woman,False,D,Southampton,yes,False,young adult,1,0
137,0,1,male,37.0,1,0,53.1,S,First,man,True,C,Southampton,no,False,adult,0,0
138,0,3,male,16.0,0,0,9.2167,S,Third,man,True,,Southampton,no,True,child,0,0
139,0,1,male,24.0,0,0,79.2,C,First,man,True,B,Cherbourg,no,True,young adult,0,1
140,0,3,female,,0,2,15.2458,C,Third,woman,False,,Cherbourg,no,False,,1,1
141,1,3,female,22.0,0,0,7.75,S,Third,woman,False,,Southampton,yes,True,young adult,1,0
142,1,3,female,24.0,1,0,15.85,S,Third,woman,False,,Southampton,yes,False,young adult,1,0
143,0,3,male,19.0,0,0,6.75,Q,Third,man,True,,Queenstown,no,True,young adult,0,2
144,0,2,male,18.0,0,0,11.5,S,Second,man,True,,Southampton,no,True,child,0,0
145,0,2,male,19.0,1,1,36.75,S,Second,man,True,,Southampton,no,False,young adult,0,0
146,1,3,male,27.0,0,0,7.7958,S,Third,man,True,,Southampton,yes,True,adult,0,0
147,0,3,female,9.0,2,2,34.375,S,Third,child,False,,Southampton,no,False,child,1,0
148,0,2,male,36.5,0,2,26.0,S,Second,man,True,F,Southampton,no,False,adult,0,0
149,0,2,male,42.0,0,0,13.0,S,Second,man,True,,Southampton,no,True,adult,0,0
150,0,2,male,51.0,0,0,12.525,S,Second,man,True,,Southampton,no,True,adult,0,0
151,1,1,female,22.0,1,0,66.6,S,First,woman,False,C,Southampton,yes,False,young adult,1,0
152,0,3,male,55.5,0,0,8.05,S,Third,man,True,,Southampton,no,True,adult,0,0
153,0,3,male,40.5,0,2,14.5,S,Third,man,True,,Southampton,no,False,adult,0,0
154,0,3,male,,0,0,7.3125,S,Third,man,True,,Southampton,no,True,,0,0
155,0,1,male,51.0,0,1,61.3792,C,First,man,True,,Cherbourg,no,False,adult,0,1
156,1,3,female,16.0,0,0,7.7333,Q,Third,woman,False,,Queenstown,yes,True,child,1,2
157,0,3,male,30.0,0,0,8.05,S,Third,man,True,,Southampton,no,True,adult,0,0
158,0,3,male,,0,0,8.6625,S,Third,man,True,,Southampton,no,True,,0,0
159,0,3,male,,8,2,69.55,S,Third,man,True,,Southampton,no,False,,0,0
160,0,3,male,44.0,0,1,16.1,S,Third,man,True,,Southampton,no,False,adult,0,0
161,1,2,female,40.0,0,0,15.75,S,Second,woman,False,,Southampton,yes,True,adult,1,0
162,0,3,male,26.0,0,0,7.775,S,Third,man,True,,Southampton,no,True,adult,0,0
163,0,3,male,17.0,0,0,8.6625,S,Third,man,True,,Southampton,no,True,child,0,0
164,0,3,male,1.0,4,1,39.6875,S,Third,child,False,,Southampton,no,False,child,0,0
165,1,3,male,9.0,0,2,20.525,S,Third,child,False,,Southampton,yes,False,child,0,0
166,1,1,female,,0,1,55.0,S,First,woman,False,E,Southampton,yes,False,,1,0
167,0,3,female,45.0,1,4,27.9,S,Third,woman,False,,Southampton,no,False,adult,1,0
168,0,1,male,,0,0,25.925,S,First,man,True,,Southampton,no,True,,0,0
169,0,3,male,28.0,0,0,56.4958,S,Third,man,True,,Southampton,no,True,adult,0,0
170,0,1,male,61.0,0,0,33.5,S,First,man,True,B,Southampton,no,True,adult,0,0
171,0,3,male,4.0,4,1,29.125,Q,Third,child,False,,Queenstown,no,False,child,0,2
172,1,3,female,1.0,1,1,11.1333,S,Third,child,False,,Southampton,yes,False,child,1,0
173,0,3,male,21.0,0,0,7.925,S,Third,man,True,,Southampton,no,True,young adult,0,0
174,0,1,male,56.0,0,0,30.6958,C,First,man,True,A,Cherbourg,no,True,adult,0,1
175,0,3,male,18.0,1,1,7.8542,S,Third,man,True,,Southampton,no,False,child,0,0
176,0,3,male,,3,1,25.4667,S,Third,man,True,,Southampton,no,False,,0,0
177,0,1,female,50.0,0,0,28.7125,C,First,woman,False,C,Cherbourg,no,True,adult,1,1
178,0,2,male,30.0,0,0,13.0,S,Second,man,True,,Southampton,no,True,adult,0,0
179,0,3,male,36.0,0,0,0.0,S,Third,man,True,,Southampton,no,True,adult,0,0
180,0,3,female,,8,2,69.55,S,Third,woman,False,,Southampton,no,False,,1,0
181,0,2,male,,0,0,15.05,C,Second,man,True,,Cherbourg,no,True,,0,1
182,0,3,male,9.0,4,2,31.3875,S,Third,child,False,,Southampton,no,False,child,0,0
183,1,2,male,1.0,2,1,39.0,S,Second,child,False,F,Southampton,yes,False,child,0,0
184,1,3,female,4.0,0,2,22.025,S,Third,child,False,,Southampton,yes,False,child,1,0
185,0,1,male,,0,0,50.0,S,First,man,True,A,Southampton,no,True,,0,0
186,1,3,female,,1,0,15.5,Q,Third,woman,False,,Queenstown,yes,False,,1,2
187,1,1,male,45.0,0,0,26.55,S,First,man,True,,Southampton,yes,True,adult,0,0
188,0,3,male,40.0,1,1,15.5,Q,Third,man,True,,Queenstown,no,False,adult,0,2
189,0,3,male,36.0,0,0,7.8958,S,Third,man,True,,Southampton,no,True,adult,0,0
190,1,2,female,32.0,0,0,13.0,S,Second,woman,False,,Southampton,yes,True,adult,1,0
191,0,2,male,19.0,0,0,13.0,S,Second,man,True,,Southampton,no,True,young adult,0,0
192,1,3,female,19.0,1,0,7.8542,S,Third,woman,False,,Southampton,yes,False,young adult,1,0
193,1,2,male,3.0,1,1,26.0,S,Second,child,False,F,Southampton,yes,False,child,0,0
194,1,1,female,44.0,0,0,27.7208,C,First,woman,False,B,Cherbourg,yes,True,adult,1,1
195,1,1,female,58.0,0,0,146.5208,C,First,woman,False,B,Cherbourg,yes,True,adult,1,1
196,0,3,male,,0,0,7.75,Q,Third,man,True,,Queenstown,no,True,,0,2
197,0,3,male,42.0,0,1,8.4042,S,Third,man,True,,Southampton,no,False,adult,0,0
198,1,3,female,,0,0,7.75,Q,Third,woman,False,,Queenstown,yes,True,,1,2
199,0,2,female,24.0,0,0,13.0,S,Second,woman,False,,Southampton,no,True,young adult,1,0
200,0,3,male,28.0,0,0,9.5,S,Third,man,True,,Southampton,no,True,adult,0,0
201,0,3,male,,8,2,69.55,S,Third,man,True,,Southampton,no,False,,0,0
202,0,3,male,34.0,0,0,6.4958,S,Third,man,True,,Southampton,no,True,adult,0,0
203,0,3,male,45.5,0,0,7.225,C,Third,man,True,,Cherbourg,no,True,adult,0,1
204,1,3,male,18.0,0,0,8.05,S,Third,man,True,,Southampton,yes,True,child,0,0
205,0,3,female,2.0,0,1,10.4625,S,Third,child,False,G,Southampton,no,False,child,1,0
206,0,3,male,32.0,1,0,15.85,S,Third,man,True,,Southampton,no,False,adult,0,0
207,1,3,male,26.0,0,0,18.7875,C,Third,man,True,,Cherbourg,yes,True,adult,0,1
208,1,3,female,16.0,0,0,7.75,Q,Third,woman,False,,Queenstown,yes,True,child,1,2
209,1,1,male,40.0,0,0,31.0,C,First,man,True,A,Cherbourg,yes,True,adult,0,1
210,0,3,male,24.0,0,0,7.05,S,Third,man,True,,Southampton,no,True,young adult,0,0
211,1,2,female,35.0,0,0,21.0,S,Second,woman,False,,Southampton,yes,True,adult,1,0
212,0,3,male,22.0,0,0,7.25,S,Third,man,True,,Southampton,no,True,young adult,0,0
213,0,2,male,30.0,0,0,13.0,S,Second,man,True,,Southampton,no,True,adult,0,0
214,0,3,male,,1,0,7.75,Q,Third,man,True,,Queenstown,no,False,,0,2
215,1,1,female,31.0,1,0,113.275,C,First,woman,False,D,Cherbourg,yes,False,adult,1,1
216,1,3,female,27.0,0,0,7.925,S,Third,woman,False,,Southampton,yes,True,adult,1,0
217,0,2,male,42.0,1,0,27.0,S,Second,man,True,,Southampton,no,False,adult,0,0
218,1,1,female,32.0,0,0,76.2917,C,First,woman,False,D,Cherbourg,yes,True,adult,1,1
219,0,2,male,30.0,0,0,10.5,S,Second,man,True,,Southampton,no,True,adult,0,0
220,1,3,male,16.0,0,0,8.05,S,Third,man,True,,Southampton,yes,True,child,0,0
221,0,2,male,27.0,0,0,13.0,S,Second,man,True,,Southampton,no,True,adult,0,0
222,0,3,male,51.0,0,0,8.05,S,Third,man,True,,Southampton,no,True,adult,0,0
223,0,3,male,,0,0,7.8958,S,Third,man,True,,Southampton,no,True,,0,0
224,1,1,male,38.0,1,0,90.0,S,First,man,True,C,Southampton,yes,False,adult,0,0
225,0,3,male,22.0,0,0,9.35,S,Third,man,True,,Southampton,no,True,young adult,0,0
226,1,2,male,19.0,0,0,10.5,S,Second,man,True,,Southampton,yes,True,young adult,0,0
227,0,3,male,20.5,0,0,7.25,S,Third,man,True,,Southampton,no,True,young adult,0,0
228,0,2,male,18.0,0,0,13.0,S,Second,man,True,,Southampton,no,True,child,0,0
229,0,3,female,,3,1,25.4667,S,Third,woman,False,,Southampton,no,False,,1,0
230,1,1,female,35.0,1,0,83.475,S,First,woman,False,C,Southampton,yes,False,adult,1,0
231,0,3,male,29.0,0,0,7.775,S,Third,man,True,,Southampton,no,True,adult,0,0
232,0,2,male,59.0,0,0,13.5,S,Second,man,True,,Southampton,no,True,adult,0,0
233,1,3,female,5.0,4,2,31.3875,S,Third,child,False,,Southampton,yes,False,child,1,0
234,0,2,male,24.0,0,0,10.5,S,Second,man,True,,Southampton,no,True,young adult,0,0
235,0,3,female,,0,0,7.55,S,Third,woman,False,,Southampton,no,True,,1,0
236,0,2,male,44.0,1,0,26.0,S,Second,man,True,,Southampton,no,False,adult,0,0
237,1,2,female,8.0,0,2,26.25,S,Second,child,False,,Southampton,yes,False,child,1,0
238,0,2,male,19.0,0,0,10.5,S,Second,man,True,,Southampton,no,True,young adult,0,0
239,0,2,male,33.0,0,0,12.275,S,Second,man,True,,Southampton,no,True,adult,0,0
240,0,3,female,,1,0,14.4542,C,Third,woman,False,,Cherbourg,no,False,,1,1
241,1,3,female,,1,0,15.5,Q,Third,woman,False,,Queenstown,yes,False,,1,2
242,0,2,male,29.0,0,0,10.5,S,Second,man,True,,Southampton,no,True,adult,0,0
243,0,3,male,22.0,0,0,7.125,S,Third,man,True,,Southampton,no,True,young adult,0,0
244,0,3,male,30.0,0,0,7.225,C,Third,man,True,,Cherbourg,no,True,adult,0,1
245,0,1,male,44.0,2,0,90.0,Q,First,man,True,C,Queenstown,no,False,adult,0,2
246,0,3,female,25.0,0,0,7.775,S,Third,woman,False,,Southampton,no,True,adult,1,0
247,1,2,female,24.0,0,2,14.5,S,Second,woman,False,,Southampton,yes,False,young adult,1,0
248,1,1,male,37.0,1,1,52.5542,S,First,man,True,D,Southampton,yes,False,adult,0,0
249,0,2,male,54.0,1,0,26.0,S,Second,man,True,,Southampton,no,False,adult,0,0
250,0,3,male,,0,0,7.25,S,Third,man,True,,Southampton,no,True,,0,0
251,0,3,female,29.0,1,1,10.4625,S,Third,woman,False,G,Southampton,no,False,adult,1,0
252,0,1,male,62.0,0,0,26.55,S,First,man,True,C,Southampton,no,True,adult,0,0
253,0,3,male,30.0,1,0,16.1,S,Third,man,True,,Southampton,no,False,adult,0,0
254,0,3,female,41.0,0,2,20.2125,S,Third,woman,False,,Southampton,no,False,adult,1,0
255,1,3,female,29.0,0,2,15.2458,C,Third,woman,False,,Cherbourg,yes,False,adult,1,1
256,1,1,female,,0,0,79.2,C,First,woman,False,,Cherbourg,yes,True,,1,1
257,1,1,female,30.0,0,0,86.5,S,First,woman,False,B,Southampton,yes,True,adult,1,0
258,1,1,female,35.0,0,0,512.3292,C,First,woman,False,,Cherbourg,yes,True,adult,1,1
259,1,2,female,50.0,0,1,26.0,S,Second,woman,False,,Southampton,yes,False,adult,1,0
260,0,3,male,,0,0,7.75,Q,Third,man,True,,Queenstown,no,True,,0,2
261,1,3,male,3.0,4,2,31.3875,S,Third,child,False,,Southampton,yes,False,child,0,0
262,0,1,male,52.0,1,1,79.65,S,First,man,True,E,Southampton,no,False,adult,0,0
263,0,1,male,40.0,0,0,0.0,S,First,man,True,B,Southampton,no,True,adult,0,0
264,0,3,female,,0,0,7.75,Q,Third,woman,False,,Queenstown,no,True,,1,2
265,0,2,male,36.0,0,0,10.5,S,Second,man,True,,Southampton,no,True,adult,0,0
266,0,3,male,16.0,4,1,39.6875,S,Third,man,True,,Southampton,no,False,child,0,0
267,1,3,male,25.0,1,0,7.775,S,Third,man,True,,Southampton,yes,False,adult,0,0
268,1,1,female,58.0,0,1,153.4625,S,First,woman,False,C,Southampton,yes,False,adult,1,0
269,1,1,female,35.0,0,0,135.6333,S,First,woman,False,C,Southampton,yes,True,adult,1,0
270,0,1,male,,0,0,31.0,S,First,man,True,,Southampton,no,True,,0,0
271,1,3,male,25.0,0,0,0.0,S,Third,man,True,,Southampton,yes,True,adult,0,0
272,1,2,female,41.0,0,1,19.5,S,Second,woman,False,,Southampton,yes,False,adult,1,0
273,0,1,male,37.0,0,1,29.7,C,First,man,True,C,Cherbourg,no,False,adult,0,1
274,1,3,female,,0,0,7.75,Q,Third,woman,False,,Queenstown,yes,True,,1,2
275,1,1,female,63.0,1,0,77.9583,S,First,woman,False,D,Southampton,yes,False,adult,1,0
276,0,3,female,45.0,0,0,7.75,S,Third,woman,False,,Southampton,no,True,adult,1,0
277,0,2,male,,0,0,0.0,S,Second,man,True,,Southampton,no,True,,0,0
278,0,3,male,7.0,4,1,29.125,Q,Third,child,False,,Queenstown,no,False,child,0,2
279,1,3,female,35.0,1,1,20.25,S,Third,woman,False,,Southampton,yes,False,adult,1,0
280,0,3,male,65.0,0,0,7.75,Q,Third,man,True,,Queenstown,no,True,adult,0,2
281,0,3,male,28.0,0,0,7.8542,S,Third,man,True,,Southampton,no,True,adult,0,0
282,0,3,male,16.0,0,0,9.5,S,Third,man,True,,Southampton,no,True,child,0,0
283,1,3,male,19.0,0,0,8.05,S,Third,man,True,,Southampton,yes,True,young adult,0,0
284,0,1,male,,0,0,26.0,S,First,man,True,A,Southampton,no,True,,0,0
285,0,3,male,33.0,0,0,8.6625,C,Third,man,True,,Cherbourg,no,True,adult,0,1
286,1,3,male,30.0,0,0,9.5,S,Third,man,True,,Southampton,yes,True,adult,0,0
287,0,3,male,22.0,0,0,7.8958,S,Third,man,True,,Southampton,no,True,young adult,0,0
288,1,2,male,42.0,0,0,13.0,S,Second,man,True,,Southampton,yes,True,adult,0,0
289,1,3,female,22.0,0,0,7.75,Q,Third,woman,False,,Queenstown,yes,True,young adult,1,2
290,1,1,female,26.0,0,0,78.85,S,First,woman,False,,Southampton,yes,True,adult,1,0
291,1,1,female,19.0,1,0,91.0792,C,First,woman,False,B,Cherbourg,yes,False,young adult,1,1
292,0,2,male,36.0,0,0,12.875,C,Second,man,True,D,Cherbourg,no,True,adult,0,1
293,0,3,female,24.0,0,0,8.85,S,Third,woman,False,,Southampton,no,True,young adult,1,0
294,0,3,male,24.0,0,0,7.8958,S,Third,man,True,,Southampton,no,True,young adult,0,0
295,0,1,male,,0,0,27.7208,C,First,man,True,,Cherbourg,no,True,,0,1
296,0,3,male,23.5,0,0,7.2292,C,Third,man,True,,Cherbourg,no,True,young adult,0,1
297,0,1,female,2.0,1,2,151.55,S,First,child,False,C,Southampton,no,False,child,1,0
298,1,1,male,,0,0,30.5,S,First,man,True,C,Southampton,yes,True,,0,0
299,1,1,female,50.0,0,1,247.5208,C,First,woman,False,B,Cherbourg,yes,False,adult,1,1
300,1,3,female,,0,0,7.75,Q,Third,woman,False,,Queenstown,yes,True,,1,2
301,1,3,male,,2,0,23.25,Q,Third,man,True,,Queenstown,yes,False,,0,2
302,0,3,male,19.0,0,0,0.0,S,Third,man,True,,Southampton,no,True,young adult,0,0
303,1,2,female,,0,0,12.35,Q,Second,woman,False,E,Queenstown,yes,True,,1,2
304,0,3,male,,0,0,8.05,S,Third,man,True,,Southampton,no,True,,0,0
305,1,1,male,0.92,1,2,151.55,S,First,child,False,C,Southampton,yes,False,child,0,0
306,1,1,female,,0,0,110.8833,C,First,woman,False,,Cherbourg,yes,True,,1,1
307,1,1,female,17.0,1,0,108.9,C,First,woman,False,C,Cherbourg,yes,False,child,1,1
308,0,2,male,30.0,1,0,24.0,C,Second,man,True,,Cherbourg,no,False,adult,0,1
309,1,1,female,30.0,0,0,56.9292,C,First,woman,False,E,Cherbourg,yes,True,adult,1,1
310,1,1,female,24.0,0,0,83.1583,C,First,woman,False,C,Cherbourg,yes,True,young adult,1,1
311,1,1,female,18.0,2,2,262.375,C,First,woman,False,B,Cherbourg,yes,False,child,1,1
312,0,2,female,26.0,1,1,26.0,S,Second,woman,False,,Southampton,no,False,adult,1,0
313,0,3,male,28.0,0,0,7.8958,S,Third,man,True,,Southampton,no,True,adult,0,0
314,0,2,male,43.0,1,1,26.25,S,Second,man,True,,Southampton,no,False,adult,0,0
315,1,3,female,26.0,0,0,7.8542,S,Third,woman,False,,Southampton,yes,True,adult,1,0
316,1,2,female,24.0,1,0,26.0,S,Second,woman,False,,Southampton,yes,False,young adult,1,0
317,0,2,male,54.0,0,0,14.0,S,Second,man,True,,Southampton,no,True,adult,0,0
318,1,1,female,31.0,0,2,164.8667,S,First,woman,False,C,Southampton,yes,False,adult,1,0
319,1,1,female,40.0,1,1,134.5,C,First,woman,False,E,Cherbourg,yes,False,adult,1,1
320,0,3,male,22.0,0,0,7.25,S,Third,man,True,,Southampton,no,True,young adult,0,0
321,0,3,male,27.0,0,0,7.8958,S,Third,man,True,,Southampton,no,True,adult,0,0
322,1,2,female,30.0,0,0,12.35,Q,Second,woman,False,,Queenstown,yes,True,adult,1,2
323,1,2,female,22.0,1,1,29.0,S,Second,woman,False,,Southampton,yes,False,young adult,1,0
324,0,3,male,,8,2,69.55,S,Third,man,True,,Southampton,no,False,,0,0
325,1,1,female,36.0,0,0,135.6333,C,First,woman,False,C,Cherbourg,yes,True,adult,1,1
326,0,3,male,61.0,0,0,6.2375,S,Third,man,True,,Southampton,no,True,adult,0,0
327,1,2,female,36.0,0,0,13.0,S,Second,woman,False,D,Southampton,yes,True,adult,1,0
328,1,3,female,31.0,1,1,20.525,S,Third,woman,False,,Southampton,yes,False,adult,1,0
329,1,1,female,16.0,0,1,57.9792,C,First,woman,False,B,Cherbourg,yes,False,child,1,1
330,1,3,female,,2,0,23.25,Q,Third,woman,False,,Queenstown,yes,False,,1,2
331,0,1,male,45.5,0,0,28.5,S,First,man,True,C,Southampton,no,True,adult,0,0
332,0,1,male,38.0,0,1,153.4625,S,First,man,True,C,Southampton,no,False,adult,0,0
333,0,3,male,16.0,2,0,18.0,S,Third,man,True,,Southampton,no,False,child,0,0
334,1,1,female,,1,0,133.65,S,First,woman,False,,Southampton,yes,False,,1,0
335,0,3,male,,0,0,7.8958,S,Third,man,True,,Southampton,no,True,,0,0
336,0,1,male,29.0,1,0,66.6,S,First,man,True,C,Southampton,no,False,adult,0,0
337,1,1,female,41.0,0,0,134.5,C,First,woman,False,E,Cherbourg,yes,True,adult,1,1
338,1,3,male,45.0,0,0,8.05,S,Third,man,True,,Southampton,yes,True,adult,0,0
339,0,1,male,45.0,0,0,35.5,S,First,man,True,,Southampton,no,True,adult,0,0
340,1,2,male,2.0,1,1,26.0,S,Second,child,False,F,Southampton,yes,False,child,0,0
341,1,1,female,24.0,3,2,263.0,S,First,woman,False,C,Southampton,yes,False,young adult,1,0
342,0,2,male,28.0,0,0,13.0,S,Second,man,True,,Southampton,no,True,adult,0,0
343,0,2,male,25.0,0,0,13.0,S,Second,man,True,,Southampton,no,True,adult,0,0
344,0,2,male,36.0,0,0,13.0,S,Second,man,True,,Southampton,no,True,adult,0,0
345,1,2,female,24.0,0,0,13.0,S,Second,woman,False,F,Southampton,yes,True,young adult,1,0
346,1,2,female,40.0,0,0,13.0,S,Second,woman,False,,Southampton,yes,True,adult,1,0
347,1,3,female,,1,0,16.1,S,Third,woman,False,,Southampton,yes,False,,1,0
348,1,3,male,3.0,1,1,15.9,S,Third,child,False,,Southampton,yes,False,child,0,0
349,0,3,male,42.0,0,0,8.6625,S,Third,man,True,,Southampton,no,True,adult,0,0
350,0,3,male,23.0,0,0,9.225,S,Third,man,True,,Southampton,no,True,young adult,0,0
351,0,1,male,,0,0,35.0,S,First,man,True,C,Southampton,no,True,,0,0
352,0,3,male,15.0,1,1,7.2292,C,Third,child,False,,Cherbourg,no,False,child,0,1
353,0,3,male,25.0,1,0,17.8,S,Third,man,True,,Southampton,no,False,adult,0,0
354,0,3,male,,0,0,7.225,C,Third,man,True,,Cherbourg,no,True,,0,1
355,0,3,male,28.0,0,0,9.5,S,Third,man,True,,Southampton,no,True,adult,0,0
356,1,1,female,22.0,0,1,55.0,S,First,woman,False,E,Southampton,yes,False,young adult,1,0
357,0,2,female,38.0,0,0,13.0,S,Second,woman,False,,Southampton,no,True,adult,1,0
358,1,3,female,,0,0,7.8792,Q,Third,woman,False,,Queenstown,yes,True,,1,2
359,1,3,female,,0,0,7.8792,Q,Third,woman,False,,Queenstown,yes,True,,1,2
360,0,3,male,40.0,1,4,27.9,S,Third,man,True,,Southampton,no,False,adult,0,0
361,0,2,male,29.0,1,0,27.7208,C,Second,man,True,,Cherbourg,no,False,adult,0,1
362,0,3,female,45.0,0,1,14.4542,C,Third,woman,False,,Cherbourg,no,False,adult,1,1
363,0,3,male,35.0,0,0,7.05,S,Third,man,True,,Southampton,no,True,adult,0,0
364,0,3,male,,1,0,15.5,Q,Third,man,True,,Queenstown,no,False,,0,2
365,0,3,male,30.0,0,0,7.25,S,Third,man,True,,Southampton,no,True,adult,0,0
366,1,1,female,60.0,1,0,75.25,C,First,woman,False,D,Cherbourg,yes,False,adult,1,1
367,1,3,female,,0,0,7.2292,C,Third,woman,False,,Cherbourg,yes,True,,1,1
368,1,3,female,,0,0,7.75,Q,Third,woman,False,,Queenstown,yes,True,,1,2
369,1,1,female,24.0,0,0,69.3,C,First,woman,False,B,Cherbourg,yes,True,young adult,1,1
370,1,1,male,25.0,1,0,55.4417,C,First,man,True,E,Cherbourg,yes,False,adult,0,1
371,0,3,male,18.0,1,0,6.4958,S,Third,man,True,,Southampton,no,False,child,0,0
372,0,3,male,19.0,0,0,8.05,S,Third,man,True,,Southampton,no,True,young adult,0,0
373,0,1,male,22.0,0,0,135.6333,C,First,man,True,,Cherbourg,no,True,young adult,0,1
374,0,3,female,3.0,3,1,21.075,S,Third,child,False,,Southampton,no,False,child,1,0
375,1,1,female,,1,0,82.1708,C,First,woman,False,,Cherbourg,yes,False,,1,1
376,1,3,female,22.0,0,0,7.25,S,Third,woman,False,,Southampton,yes,True,young adult,1,0
377,0,1,male,27.0,0,2,211.5,C,First,man,True,C,Cherbourg,no,False,adult,0,1
378,0,3,male,20.0,0,0,4.0125,C,Third,man,True,,Cherbourg,no,True,young adult,0,1
379,0,3,male,19.0,0,0,7.775,S,Third,man,True,,Southampton,no,True,young adult,0,0
380,1,1,female,42.0,0,0,227.525,C,First,woman,False,,Cherbourg,yes,True,adult,1,1
381,1,3,female,1.0,0,2,15.7417,C,Third,child,False,,Cherbourg,yes,False,child,1,1
382,0,3,male,32.0,0,0,7.925,S,Third,man,True,,Southampton,no,True,adult,0,0
383,1,1,female,35.0,1,0,52.0,S,First,woman,False,,Southampton,yes,False,adult,1,0
384,0,3,male,,0,0,7.8958,S,Third,man,True,,Southampton,no,True,,0,0
385,0,2,male,18.0,0,0,73.5,S,Second,man,True,,Southampton,no,True,child,0,0
386,0,3,male,1.0,5,2,46.9,S,Third,child,False,,Southampton,no,False,child,0,0
387,1,2,female,36.0,0,0,13.0,S,Second,woman,False,,Southampton,yes,True,adult,1,0
388,0,3,male,,0,0,7.7292,Q,Third,man,True,,Queenstown,no,True,,0,2
389,1,2,female,17.0,0,0,12.0,C,Second,woman,False,,Cherbourg,yes,True,child,1,1
390,1,1,male,36.0,1,2,120.0,S,First,man,True,B,Southampton,yes,False,adult,0,0
391,1,3,male,21.0,0,0,7.7958,S,Third,man,True,,Southampton,yes,True,young adult,0,0
392,0,3,male,28.0,2,0,7.925,S,Third,man,True,,Southampton,no,False,adult,0,0
393,1,1,female,23.0,1,0,113.275,C,First,woman,False,D,Cherbourg,yes,False,young adult,1,1
394,1,3,female,24.0,0,2,16.7,S,Third,woman,False,G,Southampton,yes,False,young adult,1,0
395,0,3,male,22.0,0,0,7.7958,S,Third,man,True,,Southampton,no,True,young adult,0,0
396,0,3,female,31.0,0,0,7.8542,S,Third,woman,False,,Southampton,no,True,adult,1,0
397,0,2,male,46.0,0,0,26.0,S,Second,man,True,,Southampton,no,True,adult,0,0
398,0,2,male,23.0,0,0,10.5,S,Second,man,True,,Southampton,no,True,young adult,0,0
399,1,2,female,28.0,0,0,12.65,S,Second,woman,False,,Southampton,yes,True,adult,1,0
400,1,3,male,39.0,0,0,7.925,S,Third,man,True,,Southampton,yes,True,adult,0,0
401,0,3,male,26.0,0,0,8.05,S,Third,man,True,,Southampton,no,True,adult,0,0
402,0,3,female,21.0,1,0,9.825,S,Third,woman,False,,Southampton,no,False,young adult,1,0
403,0,3,male,28.0,1,0,15.85,S,Third,man,True,,Southampton,no,False,adult,0,0
404,0,3,female,20.0,0,0,8.6625,S,Third,woman,False,,Southampton,no,True,young adult,1,0
405,0,2,male,34.0,1,0,21.0,S,Second,man,True,,Southampton,no,False,adult,0,0
406,0,3,male,51.0,0,0,7.75,S,Third,man,True,,Southampton,no,True,adult,0,0
407,1,2,male,3.0,1,1,18.75,S,Second,child,False,,Southampton,yes,False,child,0,0
408,0,3,male,21.0,0,0,7.775,S,Third,man,True,,Southampton,no,True,young adult,0,0
409,0,3,female,,3,1,25.4667,S,Third,woman,False,,Southampton,no,False,,1,0
410,0,3,male,,0,0,7.8958,S,Third,man,True,,Southampton,no,True,,0,0
411,0,3,male,,0,0,6.8583,Q,Third,man,True,,Queenstown,no,True,,0,2
412,1,1,female,33.0,1,0,90.0,Q,First,woman,False,C,Queenstown,yes,False,adult,1,2
413,0,2,male,,0,0,0.0,S,Second,man,True,,Southampton,no,True,,0,0
414,1,3,male,44.0,0,0,7.925,S,Third,man,True,,Southampton,yes,True,adult,0,0
415,0,3,female,,0,0,8.05,S,Third,woman,False,,Southampton,no,True,,1,0
416,1,2,female,34.0,1,1,32.5,S,Second,woman,False,,Southampton,yes,False,adult,1,0
417,1,2,female,18.0,0,2,13.0,S,Second,woman,False,,Southampton,yes,False,child,1,0
418,0,2,male,30.0,0,0,13.0,S,Second,man,True,,Southampton,no,True,adult,0,0
419,0,3,female,10.0,0,2,24.15,S,Third,child,False,,Southampton,no,False,child,1,0
420,0,3,male,,0,0,7.8958,C,Third,man,True,,Cherbourg,no,True,,0,1
421,0,3,male,21.0,0,0,7.7333,Q,Third,man,True,,Queenstown,no,True,young adult,0,2
422,0,3,male,29.0,0,0,7.875,S,Third,man,True,,Southampton,no,True,adult,0,0
423,0,3,female,28.0,1,1,14.4,S,Third,woman,False,,Southampton,no,False,adult,1,0
424,0,3,male,18.0,1,1,20.2125,S,Third,man,True,,Southampton,no,False,child,0,0
425,0,3,male,,0,0,7.25,S,Third,man,True,,Southampton,no,True,,0,0
426,1,2,female,28.0,1,0,26.0,S,Second,woman,False,,Southampton,yes,False,adult,1,0
427,1,2,female,19.0,0,0,26.0,S,Second,woman,False,,Southampton,yes,True,young adult,1,0
428,0,3,male,,0,0,7.75,Q,Third,man,True,,Queenstown,no,True,,0,2
429,1,3,male,32.0,0,0,8.05,S,Third,man,True,E,Southampton,yes,True,adult,0,0
430,1,1,male,28.0,0,0,26.55,S,First,man,True,C,Southampton,yes,True,adult,0,0
431,1,3,female,,1,0,16.1,S,Third,woman,False,,Southampton,yes,False,,1,0
432,1,2,female,42.0,1,0,26.0,S,Second,woman,False,,Southampton,yes,False,adult,1,0
433,0,3,male,17.0,0,0,7.125,S,Third,man,True,,Southampton,no,True,child,0,0
434,0,1,male,50.0,1,0,55.9,S,First,man,True,E,Southampton,no,False,adult,0,0
435,1,1,female,14.0,1,2,120.0,S,First,child,False,B,Southampton,yes,False,child,1,0
436,0,3,female,21.0,2,2,34.375,S,Third,woman,False,,Southampton,no,False,young adult,1,0
437,1,2,female,24.0,2,3,18.75,S,Second,woman,False,,Southampton,yes,False,young adult,1,0
438,0,1,male,64.0,1,4,263.0,S,First,man,True,C,Southampton,no,False,adult,0,0
439,0,2,male,31.0,0,0,10.5,S,Second,man,True,,Southampton,no,True,adult,0,0
440,1,2,female,45.0,1,1,26.25,S,Second,woman,False,,Southampton,yes,False,adult,1,0
441,0,3,male,20.0,0,0,9.5,S,Third,man,True,,Southampton,no,True,young adult,0,0
442,0,3,male,25.0,1,0,7.775,S,Third,man,True,,Southampton,no,False,adult,0,0
443,1,2,female,28.0,0,0,13.0,S,Second,woman,False,,Southampton,yes,True,adult,1,0
444,1,3,male,,0,0,8.1125,S,Third,man,True,,Southampton,yes,True,,0,0
445,1,1,male,4.0,0,2,81.8583,S,First,child,False,A,Southampton,yes,False,child,0,0
446,1,2,female,13.0,0,1,19.5,S,Second,child,False,,Southampton,yes,False,child,1,0
447,1,1,male,34.0,0,0,26.55,S,First,man,True,,Southampton,yes,True,adult,0,0
448,1,3,female,5.0,2,1,19.2583,C,Third,child,False,,Cherbourg,yes,False,child,1,1
449,1,1,male,52.0,0,0,30.5,S,First,man,True,C,Southampton,yes,True,adult,0,0
450,0,2,male,36.0,1,2,27.75,S,Second,man,True,,Southampton,no,False,adult,0,0
451,0,3,male,,1,0,19.9667,S,Third,man,True,,Southampton,no,False,,0,0
452,0,1,male,30.0,0,0,27.75,C,First,man,True,C,Cherbourg,no,True,adult,0,1
453,1,1,male,49.0,1,0,89.1042,C,First,man,True,C,Cherbourg,yes,False,adult,0,1
454,0,3,male,,0,0,8.05,S,Third,man,True,,Southampton,no,True,,0,0
455,1,3,male,29.0,0,0,7.8958,C,Third,man,True,,Cherbourg,yes,True,adult,0,1
456,0,1,male,65.0,0,0,26.55,S,First,man,True,E,Southampton,no,True,adult,0,0
457,1,1,female,,1,0,51.8625,S,First,woman,False,D,Southampton,yes,False,,1,0
458,1,2,female,50.0,0,0,10.5,S,Second,woman,False,,Southampton,yes,True,adult,1,0
459,0,3,male,,0,0,7.75,Q,Third,man,True,,Queenstown,no,True,,0,2
460,1,1,male,48.0,0,0,26.55,S,First,man,True,E,Southampton,yes,True,adult,0,0
461,0,3,male,34.0,0,0,8.05,S,Third,man,True,,Southampton,no,True,adult,0,0
462,0,1,male,47.0,0,0,38.5,S,First,man,True,E,Southampton,no,True,adult,0,0
463,0,2,male,48.0,0,0,13.0,S,Second,man,True,,Southampton,no,True,adult,0,0
464,0,3,male,,0,0,8.05,S,Third,man,True,,Southampton,no,True,,0,0
465,0,3,male,38.0,0,0,7.05,S,Third,man,True,,Southampton,no,True,adult,0,0
466,0,2,male,,0,0,0.0,S,Second,man,True,,Southampton,no,True,,0,0
467,0,1,male,56.0,0,0,26.55,S,First,man,True,,Southampton,no,True,adult,0,0
468,0,3,male,,0,0,7.725,Q,Third,man,True,,Queenstown,no,True,,0,2
469,1,3,female,0.75,2,1,19.2583,C,Third,child,False,,Cherbourg,yes,False,child,1,1
470,0,3,male,,0,0,7.25,S,Third,man,True,,Southampton,no,True,,0,0
471,0,3,male,38.0,0,0,8.6625,S,Third,man,True,,Southampton,no,True,adult,0,0
472,1,2,female,33.0,1,2,27.75,S,Second,woman,False,,Southampton,yes,False,adult,1,0
473,1,2,female,23.0,0,0,13.7917,C,Second,woman,False,D,Cherbourg,yes,True,young adult,1,1
474,0,3,female,22.0,0,0,9.8375,S,Third,woman,False,,Southampton,no,True,young adult,1,0
475,0,1,male,,0,0,52.0,S,First,man,True,A,Southampton,no,True,,0,0
476,0,2,male,34.0,1,0,21.0,S,Second,man,True,,Southampton,no,False,adult,0,0
477,0,3,male,29.0,1,0,7.0458,S,Third,man,True,,Southampton,no,False,adult,0,0
478,0,3,male,22.0,0,0,7.5208,S,Third,man,True,,Southampton,no,True,young adult,0,0
479,1,3,female,2.0,0,1,12.2875,S,Third,child,False,,Southampton,yes,False,child,1,0
480,0,3,male,9.0,5,2,46.9,S,Third,child,False,,Southampton,no,False,child,0,0
481,0,2,male,,0,0,0.0,S,Second,man,True,,Southampton,no,True,,0,0
482,0,3,male,50.0,0,0,8.05,S,Third,man,True,,Southampton,no,True,adult,0,0
483,1,3,female,63.0,0,0,9.5875,S,Third,woman,False,,Southampton,yes,True,adult,1,0
484,1,1,male,25.0,1,0,91.0792,C,First,man,True,B,Cherbourg,yes,False,adult,0,1
485,0,3,female,,3,1,25.4667,S,Third,woman,False,,Southampton,no,False,,1,0
486,1,1,female,35.0,1,0,90.0,S,First,woman,False,C,Southampton,yes,False,adult,1,0
487,0,1,male,58.0,0,0,29.7,C,First,man,True,B,Cherbourg,no,True,adult,0,1
488,0,3,male,30.0,0,0,8.05,S,Third,man,True,,Southampton,no,True,adult,0,0
489,1,3,male,9.0,1,1,15.9,S,Third,child,False,,Southampton,yes,False,child,0,0
490,0,3,male,,1,0,19.9667,S,Third,man,True,,Southampton,no,False,,0,0
491,0,3,male,21.0,0,0,7.25,S,Third,man,True,,Southampton,no,True,young adult,0,0
492,0,1,male,55.0,0,0,30.5,S,First,man,True,C,Southampton,no,True,adult,0,0
493,0,1,male,71.0,0,0,49.5042,C,First,man,True,,Cherbourg,no,True,adult,0,1
494,0,3,male,21.0,0,0,8.05,S,Third,man,True,,Southampton,no,True,young adult,0,0
495,0,3,male,,0,0,14.4583,C,Third,man,True,,Cherbourg,no,True,,0,1
496,1,1,female,54.0,1,0,78.2667,C,First,woman,False,D,Cherbourg,yes,False,adult,1,1
497,0,3,male,,0,0,15.1,S,Third,man,True,,Southampton,no,True,,0,0
498,0,1,female,25.0,1,2,151.55,S,First,woman,False,C,Southampton,no,False,adult,1,0
499,0,3,male,24.0,0,0,7.7958,S,Third,man,True,,Southampton,no,True,young adult,0,0
500,0,3,male,17.0,0,0,8.6625,S,Third,man,True,,Southampton,no,True,child,0,0
501,0,3,female,21.0,0,0,7.75,Q,Third,woman,False,,Queenstown,no,True,young adult,1,2
502,0,3,female,,0,0,7.6292,Q,Third,woman,False,,Queenstown,no,True,,1,2
503,0,3,female,37.0,0,0,9.5875,S,Third,woman,False,,Southampton,no,True,adult,1,0
504,1,1,female,16.0,0,0,86.5,S,First,woman,False,B,Southampton,yes,True,child,1,0
505,0,1,male,18.0,1,0,108.9,C,First,man,True,C,Cherbourg,no,False,child,0,1
506,1,2,female,33.0,0,2,26.0,S,Second,woman,False,,Southampton,yes,False,adult,1,0
507,1,1,male,,0,0,26.55,S,First,man,True,,Southampton,yes,True,,0,0
508,0,3,male,28.0,0,0,22.525,S,Third,man,True,,Southampton,no,True,adult,0,0
509,1,3,male,26.0,0,0,56.4958,S,Third,man,True,,Southampton,yes,True,adult,0,0
510,1,3,male,29.0,0,0,7.75,Q,Third,man,True,,Queenstown,yes,True,adult,0,2
511,0,3,male,,0,0,8.05,S,Third,man,True,,Southampton,no,True,,0,0
512,1,1,male,36.0,0,0,26.2875,S,First,man,True,E,Southampton,yes,True,adult,0,0
513,1,1,female,54.0,1,0,59.4,C,First,woman,False,,Cherbourg,yes,False,adult,1,1
514,0,3,male,24.0,0,0,7.4958,S,Third,man,True,,Southampton,no,True,young adult,0,0
515,0,1,male,47.0,0,0,34.0208,S,First,man,True,D,Southampton,no,True,adult,0,0
516,1,2,female,34.0,0,0,10.5,S,Second,woman,False,F,Southampton,yes,True,adult,1,0
517,0,3,male,,0,0,24.15,Q,Third,man,True,,Queenstown,no,True,,0,2
518,1,2,female,36.0,1,0,26.0,S,Second,woman,False,,Southampton,yes,False,adult,1,0
519,0,3,male,32.0,0,0,7.8958,S,Third,man,True,,Southampton,no,True,adult,0,0
520,1,1,female,30.0,0,0,93.5,S,First,woman,False,B,Southampton,yes,True,adult,1,0
521,0,3,male,22.0,0,0,7.8958,S,Third,man,True,,Southampton,no,True,young adult,0,0
522,0,3,male,,0,0,7.225,C,Third,man,True,,Cherbourg,no,True,,0,1
523,1,1,female,44.0,0,1,57.9792,C,First,woman,False,B,Cherbourg,yes,False,adult,1,1
524,0,3,male,,0,0,7.2292,C,Third,man,True,,Cherbourg,no,True,,0,1
525,0,3,male,40.5,0,0,7.75,Q,Third,man,True,,Queenstown,no,True,adult,0,2
526,1,2,female,50.0,0,0,10.5,S,Second,woman,False,,Southampton,yes,True,adult,1,0
527,0,1,male,,0,0,221.7792,S,First,man,True,C,Southampton,no,True,,0,0
528,0,3,male,39.0,0,0,7.925,S,Third,man,True,,Southampton,no,True,adult,0,0
529,0,2,male,23.0,2,1,11.5,S,Second,man,True,,Southampton,no,False,young adult,0,0
530,1,2,female,2.0,1,1,26.0,S,Second,child,False,,Southampton,yes,False,child,1,0
531,0,3,male,,0,0,7.2292,C,Third,man,True,,Cherbourg,no,True,,0,1
532,0,3,male,17.0,1,1,7.2292,C,Third,man,True,,Cherbourg,no,False,child,0,1
533,1,3,female,,0,2,22.3583,C,Third,woman,False,,Cherbourg,yes,False,,1,1
534,0,3,female,30.0,0,0,8.6625,S,Third,woman,False,,Southampton,no,True,adult,1,0
535,1,2,female,7.0,0,2,26.25,S,Second,child,False,,Southampton,yes,False,child,1,0
536,0,1,male,45.0,0,0,26.55,S,First,man,True,B,Southampton,no,True,adult,0,0
537,1,1,female,30.0,0,0,106.425,C,First,woman,False,,Cherbourg,yes,True,adult,1,1
538,0,3,male,,0,0,14.5,S,Third,man,True,,Southampton,no,True,,0,0
539,1,1,female,22.0,0,2,49.5,C,First,woman,False,B,Cherbourg,yes,False,young adult,1,1
540,1,1,female,36.0,0,2,71.0,S,First,woman,False,B,Southampton,yes,False,adult,1,0
541,0,3,female,9.0,4,2,31.275,S,Third,child,False,,Southampton,no,False,child,1,0
542,0,3,female,11.0,4,2,31.275,S,Third,child,False,,Southampton,no,False,child,1,0
543,1,2,male,32.0,1,0,26.0,S,Second,man,True,,Southampton,yes,False,adult,0,0
544,0,1,male,50.0,1,0,106.425,C,First,man,True,C,Cherbourg,no,False,adult,0,1
545,0,1,male,64.0,0,0,26.0,S,First,man,True,,Southampton,no,True,adult,0,0
546,1,2,female,19.0,1,0,26.0,S,Second,woman,False,,Southampton,yes,False,young adult,1,0
547,1,2,male,,0,0,13.8625,C,Second,man,True,,Cherbourg,yes,True,,0,1
548,0,3,male,33.0,1,1,20.525,S,Third,man,True,,Southampton,no,False,adult,0,0
549,1,2,male,8.0,1,1,36.75,S,Second,child,False,,Southampton,yes,False,child,0,0
550,1,1,male,17.0,0,2,110.8833,C,First,man,True,C,Cherbourg,yes,False,child,0,1
551,0,2,male,27.0,0,0,26.0,S,Second,man,True,,Southampton,no,True,adult,0,0
552,0,3,male,,0,0,7.8292,Q,Third,man,True,,Queenstown,no,True,,0,2
553,1,3,male,22.0,0,0,7.225,C,Third,man,True,,Cherbourg,yes,True,young adult,0,1
554,1,3,female,22.0,0,0,7.775,S,Third,woman,False,,Southampton,yes,True,young adult,1,0
555,0,1,male,62.0,0,0,26.55,S,First,man,True,,Southampton,no,True,adult,0,0
556,1,1,female,48.0,1,0,39.6,C,First,woman,False,A,Cherbourg,yes,False,adult,1,1
557,0,1,male,,0,0,227.525,C,First,man,True,,Cherbourg,no,True,,0,1
558,1,1,female,39.0,1,1,79.65,S,First,woman,False,E,Southampton,yes,False,adult,1,0
559,1,3,female,36.0,1,0,17.4,S,Third,woman,False,,Southampton,yes,False,adult,1,0
560,0,3,male,,0,0,7.75,Q,Third,man,True,,Queenstown,no,True,,0,2
561,0,3,male,40.0,0,0,7.8958,S,Third,man,True,,Southampton,no,True,adult,0,0
562,0,2,male,28.0,0,0,13.5,S,Second,man,True,,Southampton,no,True,adult,0,0
563,0,3,male,,0,0,8.05,S,Third,man,True,,Southampton,no,True,,0,0
564,0,3,female,,0,0,8.05,S,Third,woman,False,,Southampton,no,True,,1,0
565,0,3,male,24.0,2,0,24.15,S,Third,man,True,,Southampton,no,False,young adult,0,0
566,0,3,male,19.0,0,0,7.8958,S,Third,man,True,,Southampton,no,True,young adult,0,0
567,0,3,female,29.0,0,4,21.075,S,Third,woman,False,,Southampton,no,False,adult,1,0
568,0,3,male,,0,0,7.2292,C,Third,man,True,,Cherbourg,no,True,,0,1
569,1,3,male,32.0,0,0,7.8542,S,Third,man,True,,Southampton,yes,True,adult,0,0
570,1,2,male,62.0,0,0,10.5,S,Second,man,True,,Southampton,yes,True,adult,0,0
571,1,1,female,53.0,2,0,51.4792,S,First,woman,False,C,Southampton,yes,False,adult,1,0
572,1,1,male,36.0,0,0,26.3875,S,First,man,True,E,Southampton,yes,True,adult,0,0
573,1,3,female,,0,0,7.75,Q,Third,woman,False,,Queenstown,yes,True,,1,2
574,0,3,male,16.0,0,0,8.05,S,Third,man,True,,Southampton,no,True,child,0,0
575,0,3,male,19.0,0,0,14.5,S,Third,man,True,,Southampton,no,True,young adult,0,0
576,1,2,female,34.0,0,0,13.0,S,Second,woman,False,,Southampton,yes,True,adult,1,0
577,1,1,female,39.0,1,0,55.9,S,First,woman,False,E,Southampton,yes,False,adult,1,0
578,0,3,female,,1,0,14.4583,C,Third,woman,False,,Cherbourg,no,False,,1,1
579,1,3,male,32.0,0,0,7.925,S,Third,man,True,,Southampton,yes,True,adult,0,0
580,1,2,female,25.0,1,1,30.0,S,Second,woman,False,,Southampton,yes,False,adult,1,0
581,1,1,female,39.0,1,1,110.8833,C,First,woman,False,C,Cherbourg,yes,False,adult,1,1
582,0,2,male,54.0,0,0,26.0,S,Second,man,True,,Southampton,no,True,adult,0,0
583,0,1,male,36.0,0,0,40.125,C,First,man,True,A,Cherbourg,no,True,adult,0,1
584,0,3,male,,0,0,8.7125,C,Third,man,True,,Cherbourg,no,True,,0,1
585,1,1,female,18.0,0,2,79.65,S,First,woman,False,E,Southampton,yes,False,child,1,0
586,0,2,male,47.0,0,0,15.0,S,Second,man,True,,Southampton,no,True,adult,0,0
587,1,1,male,60.0,1,1,79.2,C,First,man,True,B,Cherbourg,yes,False,adult,0,1
588,0,3,male,22.0,0,0,8.05,S,Third,man,True,,Southampton,no,True,young adult,0,0
589,0,3,male,,0,0,8.05,S,Third,man,True,,Southampton,no,True,,0,0
590,0,3,male,35.0,0,0,7.125,S,Third,man,True,,Southampton,no,True,adult,0,0
591,1,1,female,52.0,1,0,78.2667,C,First,woman,False,D,Cherbourg,yes,False,adult,1,1
592,0,3,male,47.0,0,0,7.25,S,Third,man,True,,Southampton,no,True,adult,0,0
593,0,3,female,,0,2,7.75,Q,Third,woman,False,,Queenstown,no,False,,1,2
594,0,2,male,37.0,1,0,26.0,S,Second,man,True,,Southampton,no,False,adult,0,0
595,0,3,male,36.0,1,1,24.15,S,Third,man,True,,Southampton,no,False,adult,0,0
596,1,2,female,,0,0,33.0,S,Second,woman,False,,Southampton,yes,True,,1,0
597,0,3,male,49.0,0,0,0.0,S,Third,man,True,,Southampton,no,True,adult,0,0
598,0,3,male,,0,0,7.225,C,Third,man,True,,Cherbourg,no,True,,0,1
599,1,1,male,49.0,1,0,56.9292,C,First,man,True,A,Cherbourg,yes,False,adult,0,1
600,1,2,female,24.0,2,1,27.0,S,Second,woman,False,,Southampton,yes,False,young adult,1,0
601,0,3,male,,0,0,7.8958,S,Third,man,True,,Southampton,no,True,,0,0
602,0,1,male,,0,0,42.4,S,First,man,True,,Southampton,no,True,,0,0
603,0,3,male,44.0,0,0,8.05,S,Third,man,True,,Southampton,no,True,adult,0,0
604,1,1,male,35.0,0,0,26.55,C,First,man,True,,Cherbourg,yes,True,adult,0,1
605,0,3,male,36.0,1,0,15.55,S,Third,man,True,,Southampton,no,False,adult,0,0
606,0,3,male,30.0,0,0,7.8958,S,Third,man,True,,Southampton,no,True,adult,0,0
607,1,1,male,27.0,0,0,30.5,S,First,man,True,,Southampton,yes,True,adult,0,0
608,1,2,female,22.0,1,2,41.5792,C,Second,woman,False,,Cherbourg,yes,False,young adult,1,1
609,1,1,female,40.0,0,0,153.4625,S,First,woman,False,C,Southampton,yes,True,adult,1,0
610,0,3,female,39.0,1,5,31.275,S,Third,woman,False,,Southampton,no,False,adult,1,0
611,0,3,male,,0,0,7.05,S,Third,man,True,,Southampton,no,True,,0,0
612,1,3,female,,1,0,15.5,Q,Third,woman,False,,Queenstown,yes,False,,1,2
613,0,3,male,,0,0,7.75,Q,Third,man,True,,Queenstown,no,True,,0,2
614,0,3,male,35.0,0,0,8.05,S,Third,man,True,,Southampton,no,True,adult,0,0
615,1,2,female,24.0,1,2,65.0,S,Second,woman,False,,Southampton,yes,False,young adult,1,0
616,0,3,male,34.0,1,1,14.4,S,Third,man,True,,Southampton,no,False,adult,0,0
617,0,3,female,26.0,1,0,16.1,S,Third,woman,False,,Southampton,no,False,adult,1,0
618,1,2,female,4.0,2,1,39.0,S,Second,child,False,F,Southampton,yes,False,child,1,0
619,0,2,male,26.0,0,0,10.5,S,Second,man,True,,Southampton,no,True,adult,0,0
620,0,3,male,27.0,1,0,14.4542,C,Third,man,True,,Cherbourg,no,False,adult,0,1
621,1,1,male,42.0,1,0,52.5542,S,First,man,True,D,Southampton,yes,False,adult,0,0
622,1,3,male,20.0,1,1,15.7417,C,Third,man,True,,Cherbourg,yes,False,young adult,0,1
623,0,3,male,21.0,0,0,7.8542,S,Third,man,True,,Southampton,no,True,young adult,0,0
624,0,3,male,21.0,0,0,16.1,S,Third,man,True,,Southampton,no,True,young adult,0,0
625,0,1,male,61.0,0,0,32.3208,S,First,man,True,D,Southampton,no,True,adult,0,0
626,0,2,male,57.0,0,0,12.35,Q,Second,man,True,,Queenstown,no,True,adult,0,2
627,1,1,female,21.0,0,0,77.9583,S,First,woman,False,D,Southampton,yes,True,young adult,1,0
628,0,3,male,26.0,0,0,7.8958,S,Third,man,True,,Southampton,no,True,adult,0,0
629,0,3,male,,0,0,7.7333,Q,Third,man,True,,Queenstown,no,True,,0,2
630,1,1,male,80.0,0,0,30.0,S,First,man,True,A,Southampton,yes,True,adult,0,0
631,0,3,male,51.0,0,0,7.0542,S,Third,man,True,,Southampton,no,True,adult,0,0
632,1,1,male,32.0,0,0,30.5,C,First,man,True,B,Cherbourg,yes,True,adult,0,1
633,0,1,male,,0,0,0.0,S,First,man,True,,Southampton,no,True,,0,0
634,0,3,female,9.0,3,2,27.9,S,Third,child,False,,Southampton,no,False,child,1,0
635,1,2,female,28.0,0,0,13.0,S,Second,woman,False,,Southampton,yes,True,adult,1,0
636,0,3,male,32.0,0,0,7.925,S,Third,man,True,,Southampton,no,True,adult,0,0
637,0,2,male,31.0,1,1,26.25,S,Second,man,True,,Southampton,no,False,adult,0,0
638,0,3,female,41.0,0,5,39.6875,S,Third,woman,False,,Southampton,no,False,adult,1,0
639,0,3,male,,1,0,16.1,S,Third,man,True,,Southampton,no,False,,0,0
640,0,3,male,20.0,0,0,7.8542,S,Third,man,True,,Southampton,no,True,young adult,0,0
641,1,1,female,24.0,0,0,69.3,C,First,woman,False,B,Cherbourg,yes,True,young adult,1,1
642,0,3,female,2.0,3,2,27.9,S,Third,child,False,,Southampton,no,False,child,1,0
643,1,3,male,,0,0,56.4958,S,Third,man,True,,Southampton,yes,True,,0,0
644,1,3,female,0.75,2,1,19.2583,C,Third,child,False,,Cherbourg,yes,False,child,1,1
645,1,1,male,48.0,1,0,76.7292,C,First,man,True,D,Cherbourg,yes,False,adult,0,1
646,0,3,male,19.0,0,0,7.8958,S,Third,man,True,,Southampton,no,True,young adult,0,0
647,1,1,male,56.0,0,0,35.5,C,First,man,True,A,Cherbourg,yes,True,adult,0,1
648,0,3,male,,0,0,7.55,S,Third,man,True,,Southampton,no,True,,0,0
649,1,3,female,23.0,0,0,7.55,S,Third,woman,False,,Southampton,yes,True,young adult,1,0
650,0,3,male,,0,0,7.8958,S,Third,man,True,,Southampton,no,True,,0,0
651,1,2,female,18.0,0,1,23.0,S,Second,woman,False,,Southampton,yes,False,child,1,0
652,0,3,male,21.0,0,0,8.4333,S,Third,man,True,,Southampton,no,True,young adult,0,0
653,1,3,female,,0,0,7.8292,Q,Third,woman,False,,Queenstown,yes,True,,1,2
654,0,3,female,18.0,0,0,6.75,Q,Third,woman,False,,Queenstown,no,True,child,1,2
655,0,2,male,24.0,2,0,73.5,S,Second,man,True,,Southampton,no,False,young adult,0,0
656,0,3,male,,0,0,7.8958,S,Third,man,True,,Southampton,no,True,,0,0
657,0,3,female,32.0,1,1,15.5,Q,Third,woman,False,,Queenstown,no,False,adult,1,2
658,0,2,male,23.0,0,0,13.0,S,Second,man,True,,Southampton,no,True,young adult,0,0
659,0,1,male,58.0,0,2,113.275,C,First,man,True,D,Cherbourg,no,False,adult,0,1
660,1,1,male,50.0,2,0,133.65,S,First,man,True,,Southampton,yes,False,adult,0,0
661,0,3,male,40.0,0,0,7.225,C,Third,man,True,,Cherbourg,no,True,adult,0,1
662,0,1,male,47.0,0,0,25.5875,S,First,man,True,E,Southampton,no,True,adult,0,0
663,0,3,male,36.0,0,0,7.4958,S,Third,man,True,,Southampton,no,True,adult,0,0
664,1,3,male,20.0,1,0,7.925,S,Third,man,True,,Southampton,yes,False,young adult,0,0
665,0,2,male,32.0,2,0,73.5,S,Second,man,True,,Southampton,no,False,adult,0,0
666,0,2,male,25.0,0,0,13.0,S,Second,man,True,,Southampton,no,True,adult,0,0
667,0,3,male,,0,0,7.775,S,Third,man,True,,Southampton,no,True,,0,0
668,0,3,male,43.0,0,0,8.05,S,Third,man,True,,Southampton,no,True,adult,0,0
669,1,1,female,,1,0,52.0,S,First,woman,False,C,Southampton,yes,False,,1,0
670,1,2,female,40.0,1,1,39.0,S,Second,woman,False,,Southampton,yes,False,adult,1,0
671,0,1,male,31.0,1,0,52.0,S,First,man,True,B,Southampton,no,False,adult,0,0
672,0,2,male,70.0,0,0,10.5,S,Second,man,True,,Southampton,no,True,adult,0,0
673,1,2,male,31.0,0,0,13.0,S,Second,man,True,,Southampton,yes,True,adult,0,0
674,0,2,male,,0,0,0.0,S,Second,man,True,,Southampton,no,True,,0,0
675,0,3,male,18.0,0,0,7.775,S,Third,man,True,,Southampton,no,True,child,0,0
676,0,3,male,24.5,0,0,8.05,S,Third,man,True,,Southampton,no,True,adult,0,0
677,1,3,female,18.0,0,0,9.8417,S,Third,woman,False,,Southampton,yes,True,child,1,0
678,0,3,female,43.0,1,6,46.9,S,Third,woman,False,,Southampton,no,False,adult,1,0
679,1,1,male,36.0,0,1,512.3292,C,First,man,True,B,Cherbourg,yes,False,adult,0,1
680,0,3,female,,0,0,8.1375,Q,Third,woman,False,,Queenstown,no,True,,1,2
681,1,1,male,27.0,0,0,76.7292,C,First,man,True,D,Cherbourg,yes,True,adult,0,1
682,0,3,male,20.0,0,0,9.225,S,Third,man,True,,Southampton,no,True,young adult,0,0
683,0,3,male,14.0,5,2,46.9,S,Third,child,False,,Southampton,no,False,child,0,0
684,0,2,male,60.0,1,1,39.0,S,Second,man,True,,Southampton,no,False,adult,0,0
685,0,2,male,25.0,1,2,41.5792,C,Second,man,True,,Cherbourg,no,False,adult,0,1
686,0,3,male,14.0,4,1,39.6875,S,Third,child,False,,Southampton,no,False,child,0,0
687,0,3,male,19.0,0,0,10.1708,S,Third,man,True,,Southampton,no,True,young adult,0,0
688,0,3,male,18.0,0,0,7.7958,S,Third,man,True,,Southampton,no,True,child,0,0
689,1,1,female,15.0,0,1,211.3375,S,First,child,False,B,Southampton,yes,False,child,1,0
690,1,1,male,31.0,1,0,57.0,S,First,man,True,B,Southampton,yes,False,adult,0,0
691,1,3,female,4.0,0,1,13.4167,C,Third,child,False,,Cherbourg,yes,False,child,1,1
692,1,3,male,,0,0,56.4958,S,Third,man,True,,Southampton,yes,True,,0,0
693,0,3,male,25.0,0,0,7.225,C,Third,man,True,,Cherbourg,no,True,adult,0,1
694,0,1,male,60.0,0,0,26.55,S,First,man,True,,Southampton,no,True,adult,0,0
695,0,2,male,52.0,0,0,13.5,S,Second,man,True,,Southampton,no,True,adult,0,0
696,0,3,male,44.0,0,0,8.05,S,Third,man,True,,Southampton,no,True,adult,0,0
697,1,3,female,,0,0,7.7333,Q,Third,woman,False,,Queenstown,yes,True,,1,2
698,0,1,male,49.0,1,1,110.8833,C,First,man,True,C,Cherbourg,no,False,adult,0,1
699,0,3,male,42.0,0,0,7.65,S,Third,man,True,F,Southampton,no,True,adult,0,0
700,1,1,female,18.0,1,0,227.525,C,First,woman,False,C,Cherbourg,yes,False,child,1,1
701,1,1,male,35.0,0,0,26.2875,S,First,man,True,E,Southampton,yes,True,adult,0,0
702,0,3,female,18.0,0,1,14.4542,C,Third,woman,False,,Cherbourg,no,False,child,1,1
703,0,3,male,25.0,0,0,7.7417,Q,Third,man,True,,Queenstown,no,True,adult,0,2
704,0,3,male,26.0,1,0,7.8542,S,Third,man,True,,Southampton,no,False,adult,0,0
705,0,2,male,39.0,0,0,26.0,S,Second,man,True,,Southampton,no,True,adult,0,0
706,1,2,female,45.0,0,0,13.5,S,Second,woman,False,,Southampton,yes,True,adult,1,0
707,1,1,male,42.0,0,0,26.2875,S,First,man,True,E,Southampton,yes,True,adult,0,0
708,1,1,female,22.0,0,0,151.55,S,First,woman,False,,Southampton,yes,True,young adult,1,0
709,1,3,male,,1,1,15.2458,C,Third,man,True,,Cherbourg,yes,False,,0,1
710,1,1,female,24.0,0,0,49.5042,C,First,woman,False,C,Cherbourg,yes,True,young adult,1,1
711,0,1,male,,0,0,26.55,S,First,man,True,C,Southampton,no,True,,0,0
712,1,1,male,48.0,1,0,52.0,S,First,man,True,C,Southampton,yes,False,adult,0,0
713,0,3,male,29.0,0,0,9.4833,S,Third,man,True,,Southampton,no,True,adult,0,0
714,0,2,male,52.0,0,0,13.0,S,Second,man,True,,Southampton,no,True,adult,0,0
715,0,3,male,19.0,0,0,7.65,S,Third,man,True,F,Southampton,no,True,young adult,0,0
716,1,1,female,38.0,0,0,227.525,C,First,woman,False,C,Cherbourg,yes,True,adult,1,1
717,1,2,female,27.0,0,0,10.5,S,Second,woman,False,E,Southampton,yes,True,adult,1,0
718,0,3,male,,0,0,15.5,Q,Third,man,True,,Queenstown,no,True,,0,2
719,0,3,male,33.0,0,0,7.775,S,Third,man,True,,Southampton,no,True,adult,0,0
720,1,2,female,6.0,0,1,33.0,S,Second,child,False,,Southampton,yes,False,child,1,0
721,0,3,male,17.0,1,0,7.0542,S,Third,man,True,,Southampton,no,False,child,0,0
722,0,2,male,34.0,0,0,13.0,S,Second,man,True,,Southampton,no,True,adult,0,0
723,0,2,male,50.0,0,0,13.0,S,Second,man,True,,Southampton,no,True,adult,0,0
724,1,1,male,27.0,1,0,53.1,S,First,man,True,E,Southampton,yes,False,adult,0,0
725,0,3,male,20.0,0,0,8.6625,S,Third,man,True,,Southampton,no,True,young adult,0,0
726,1,2,female,30.0,3,0,21.0,S,Second,woman,False,,Southampton,yes,False,adult,1,0
727,1,3,female,,0,0,7.7375,Q,Third,woman,False,,Queenstown,yes,True,,1,2
728,0,2,male,25.0,1,0,26.0,S,Second,man,True,,Southampton,no,False,adult,0,0
729,0,3,female,25.0,1,0,7.925,S,Third,woman,False,,Southampton,no,False,adult,1,0
730,1,1,female,29.0,0,0,211.3375,S,First,woman,False,B,Southampton,yes,True,adult,1,0
731,0,3,male,11.0,0,0,18.7875,C,Third,child,False,,Cherbourg,no,True,child,0,1
732,0,2,male,,0,0,0.0,S,Second,man,True,,Southampton,no,True,,0,0
733,0,2,male,23.0,0,0,13.0,S,Second,man,True,,Southampton,no,True,young adult,0,0
734,0,2,male,23.0,0,0,13.0,S,Second,man,True,,Southampton,no,True,young adult,0,0
735,0,3,male,28.5,0,0,16.1,S,Third,man,True,,Southampton,no,True,adult,0,0
736,0,3,female,48.0,1,3,34.375,S,Third,woman,False,,Southampton,no,False,adult,1,0
737,1,1,male,35.0,0,0,512.3292,C,First,man,True,B,Cherbourg,yes,True,adult,0,1
738,0,3,male,,0,0,7.8958,S,Third,man,True,,Southampton,no,True,,0,0
739,0,3,male,,0,0,7.8958,S,Third,man,True,,Southampton,no,True,,0,0
740,1,1,male,,0,0,30.0,S,First,man,True,D,Southampton,yes,True,,0,0
741,0,1,male,36.0,1,0,78.85,S,First,man,True,C,Southampton,no,False,adult,0,0
742,1,1,female,21.0,2,2,262.375,C,First,woman,False,B,Cherbourg,yes,False,young adult,1,1
743,0,3,male,24.0,1,0,16.1,S,Third,man,True,,Southampton,no,False,young adult,0,0
744,1,3,male,31.0,0,0,7.925,S,Third,man,True,,Southampton,yes,True,adult,0,0
745,0,1,male,70.0,1,1,71.0,S,First,man,True,B,Southampton,no,False,adult,0,0
746,0,3,male,16.0,1,1,20.25,S,Third,man,True,,Southampton,no,False,child,0,0
747,1,2,female,30.0,0,0,13.0,S,Second,woman,False,,Southampton,yes,True,adult,1,0
748,0,1,male,19.0,1,0,53.1,S,First,man,True,D,Southampton,no,False,young adult,0,0
749,0,3,male,31.0,0,0,7.75,Q,Third,man,True,,Queenstown,no,True,adult,0,2
750,1,2,female,4.0,1,1,23.0,S,Second,child,False,,Southampton,yes,False,child,1,0
751,1,3,male,6.0,0,1,12.475,S,Third,child,False,E,Southampton,yes,False,child,0,0
752,0,3,male,33.0,0,0,9.5,S,Third,man,True,,Southampton,no,True,adult,0,0
753,0,3,male,23.0,0,0,7.8958,S,Third,man,True,,Southampton,no,True,young adult,0,0
754,1,2,female,48.0,1,2,65.0,S,Second,woman,False,,Southampton,yes,False,adult,1,0
755,1,2,male,0.67,1,1,14.5,S,Second,child,False,,Southampton,yes,False,child,0,0
756,0,3,male,28.0,0,0,7.7958,S,Third,man,True,,Southampton,no,True,adult,0,0
757,0,2,male,18.0,0,0,11.5,S,Second,man,True,,Southampton,no,True,child,0,0
758,0,3,male,34.0,0,0,8.05,S,Third,man,True,,Southampton,no,True,adult,0,0
759,1,1,female,33.0,0,0,86.5,S,First,woman,False,B,Southampton,yes,True,adult,1,0
760,0,3,male,,0,0,14.5,S,Third,man,True,,Southampton,no,True,,0,0
761,0,3,male,41.0,0,0,7.125,S,Third,man,True,,Southampton,no,True,adult,0,0
762,1,3,male,20.0,0,0,7.2292,C,Third,man,True,,Cherbourg,yes,True,young adult,0,1
763,1,1,female,36.0,1,2,120.0,S,First,woman,False,B,Southampton,yes,False,adult,1,0
764,0,3,male,16.0,0,0,7.775,S,Third,man,True,,Southampton,no,True,child,0,0
765,1,1,female,51.0,1,0,77.9583,S,First,woman,False,D,Southampton,yes,False,adult,1,0
766,0,1,male,,0,0,39.6,C,First,man,True,,Cherbourg,no,True,,0,1
767,0,3,female,30.5,0,0,7.75,Q,Third,woman,False,,Queenstown,no,True,adult,1,2
768,0,3,male,,1,0,24.15,Q,Third,man,True,,Queenstown,no,False,,0,2
769,0,3,male,32.0,0,0,8.3625,S,Third,man,True,,Southampton,no,True,adult,0,0
770,0,3,male,24.0,0,0,9.5,S,Third,man,True,,Southampton,no,True,young adult,0,0
771,0,3,male,48.0,0,0,7.8542,S,Third,man,True,,Southampton,no,True,adult,0,0
772,0,2,female,57.0,0,0,10.5,S,Second,woman,False,E,Southampton,no,True,adult,1,0
773,0,3,male,,0,0,7.225,C,Third,man,True,,Cherbourg,no,True,,0,1
774,1,2,female,54.0,1,3,23.0,S,Second,woman,False,,Southampton,yes,False,adult,1,0
775,0,3,male,18.0,0,0,7.75,S,Third,man,True,,Southampton,no,True,child,0,0
776,0,3,male,,0,0,7.75,Q,Third,man,True,F,Queenstown,no,True,,0,2
777,1,3,female,5.0,0,0,12.475,S,Third,child,False,,Southampton,yes,True,child,1,0
778,0,3,male,,0,0,7.7375,Q,Third,man,True,,Queenstown,no,True,,0,2
779,1,1,female,43.0,0,1,211.3375,S,First,woman,False,B,Southampton,yes,False,adult,1,0
780,1,3,female,13.0,0,0,7.2292,C,Third,child,False,,Cherbourg,yes,True,child,1,1
781,1,1,female,17.0,1,0,57.0,S,First,woman,False,B,Southampton,yes,False,child,1,0
782,0,1,male,29.0,0,0,30.0,S,First,man,True,D,Southampton,no,True,adult,0,0
783,0,3,male,,1,2,23.45,S,Third,man,True,,Southampton,no,False,,0,0
784,0,3,male,25.0,0,0,7.05,S,Third,man,True,,Southampton,no,True,adult,0,0
785,0,3,male,25.0,0,0,7.25,S,Third,man,True,,Southampton,no,True,adult,0,0
786,1,3,female,18.0,0,0,7.4958,S,Third,woman,False,,Southampton,yes,True,child,1,0
787,0,3,male,8.0,4,1,29.125,Q,Third,child,False,,Queenstown,no,False,child,0,2
788,1,3,male,1.0,1,2,20.575,S,Third,child,False,,Southampton,yes,False,child,0,0
789,0,1,male,46.0,0,0,79.2,C,First,man,True,B,Cherbourg,no,True,adult,0,1
790,0,3,male,,0,0,7.75,Q,Third,man,True,,Queenstown,no,True,,0,2
791,0,2,male,16.0,0,0,26.0,S,Second,man,True,,Southampton,no,True,child,0,0
792,0,3,female,,8,2,69.55,S,Third,woman,False,,Southampton,no,False,,1,0
793,0,1,male,,0,0,30.6958,C,First,man,True,,Cherbourg,no,True,,0,1
794,0,3,male,25.0,0,0,7.8958,S,Third,man,True,,Southampton,no,True,adult,0,0
795,0,2,male,39.0,0,0,13.0,S,Second,man,True,,Southampton,no,True,adult,0,0
796,1,1,female,49.0,0,0,25.9292,S,First,woman,False,D,Southampton,yes,True,adult,1,0
797,1,3,female,31.0,0,0,8.6833,S,Third,woman,False,,Southampton,yes,True,adult,1,0
798,0,3,male,30.0,0,0,7.2292,C,Third,man,True,,Cherbourg,no,True,adult,0,1
799,0,3,female,30.0,1,1,24.15,S,Third,woman,False,,Southampton,no,False,adult,1,0
800,0,2,male,34.0,0,0,13.0,S,Second,man,True,,Southampton,no,True,adult,0,0
801,1,2,female,31.0,1,1,26.25,S,Second,woman,False,,Southampton,yes,False,adult,1,0
802,1,1,male,11.0,1,2,120.0,S,First,child,False,B,Southampton,yes,False,child,0,0
803,1,3,male,0.42,0,1,8.5167,C,Third,child,False,,Cherbourg,yes,False,child,0,1
804,1,3,male,27.0,0,0,6.975,S,Third,man,True,,Southampton,yes,True,adult,0,0
805,0,3,male,31.0,0,0,7.775,S,Third,man,True,,Southampton,no,True,adult,0,0
806,0,1,male,39.0,0,0,0.0,S,First,man,True,A,Southampton,no,True,adult,0,0
807,0,3,female,18.0,0,0,7.775,S,Third,woman,False,,Southampton,no,True,child,1,0
808,0,2,male,39.0,0,0,13.0,S,Second,man,True,,Southampton,no,True,adult,0,0
809,1,1,female,33.0,1,0,53.1,S,First,woman,False,E,Southampton,yes,False,adult,1,0
810,0,3,male,26.0,0,0,7.8875,S,Third,man,True,,Southampton,no,True,adult,0,0
811,0,3,male,39.0,0,0,24.15,S,Third,man,True,,Southampton,no,True,adult,0,0
812,0,2,male,35.0,0,0,10.5,S,Second,man,True,,Southampton,no,True,adult,0,0
813,0,3,female,6.0,4,2,31.275,S,Third,child,False,,Southampton,no,False,child,1,0
814,0,3,male,30.5,0,0,8.05,S,Third,man,True,,Southampton,no,True,adult,0,0
815,0,1,male,,0,0,0.0,S,First,man,True,B,Southampton,no,True,,0,0
816,0,3,female,23.0,0,0,7.925,S,Third,woman,False,,Southampton,no,True,young adult,1,0
817,0,2,male,31.0,1,1,37.0042,C,Second,man,True,,Cherbourg,no,False,adult,0,1
818,0,3,male,43.0,0,0,6.45,S,Third,man,True,,Southampton,no,True,adult,0,0
819,0,3,male,10.0,3,2,27.9,S,Third,child,False,,Southampton,no,False,child,0,0
820,1,1,female,52.0,1,1,93.5,S,First,woman,False,B,Southampton,yes,False,adult,1,0
821,1,3,male,27.0,0,0,8.6625,S,Third,man,True,,Southampton,yes,True,adult,0,0
822,0,1,male,38.0,0,0,0.0,S,First,man,True,,Southampton,no,True,adult,0,0
823,1,3,female,27.0,0,1,12.475,S,Third,woman,False,E,Southampton,yes,False,adult,1,0
824,0,3,male,2.0,4,1,39.6875,S,Third,child,False,,Southampton,no,False,child,0,0
825,0,3,male,,0,0,6.95,Q,Third,man,True,,Queenstown,no,True,,0,2
826,0,3,male,,0,0,56.4958,S,Third,man,True,,Southampton,no,True,,0,0
827,1,2,male,1.0,0,2,37.0042,C,Second,child,False,,Cherbourg,yes,False,child,0,1
828,1,3,male,,0,0,7.75,Q,Third,man,True,,Queenstown,yes,True,,0,2
829,1,1,female,62.0,0,0,80.0,,First,woman,False,B,,yes,True,adult,1,-1
830,1,3,female,15.0,1,0,14.4542,C,Third,child,False,,Cherbourg,yes,False,child,1,1
831,1,2,male,0.83,1,1,18.75,S,Second,child,False,,Southampton,yes,False,child,0,0
832,0,3,male,,0,0,7.2292,C,Third,man,True,,Cherbourg,no,True,,0,1
833,0,3,male,23.0,0,0,7.8542,S,Third,man,True,,Southampton,no,True,young adult,0,0
834,0,3,male,18.0,0,0,8.3,S,Third,man,True,,Southampton,no,True,child,0,0
835,1,1,female,39.0,1,1,83.1583,C,First,woman,False,E,Cherbourg,yes,False,adult,1,1
836,0,3,male,21.0,0,0,8.6625,S,Third,man,True,,Southampton,no,True,young adult,0,0
837,0,3,male,,0,0,8.05,S,Third,man,True,,Southampton,no,True,,0,0
838,1,3,male,32.0,0,0,56.4958,S,Third,man,True,,Southampton,yes,True,adult,0,0
839,1,1,male,,0,0,29.7,C,First,man,True,C,Cherbourg,yes,True,,0,1
840,0,3,male,20.0,0,0,7.925,S,Third,man,True,,Southampton,no,True,young adult,0,0
841,0,2,male,16.0,0,0,10.5,S,Second,man,True,,Southampton,no,True,child,0,0
842,1,1,female,30.0,0,0,31.0,C,First,woman,False,,Cherbourg,yes,True,adult,1,1
843,0,3,male,34.5,0,0,6.4375,C,Third,man,True,,Cherbourg,no,True,adult,0,1
844,0,3,male,17.0,0,0,8.6625,S,Third,man,True,,Southampton,no,True,child,0,0
845,0,3,male,42.0,0,0,7.55,S,Third,man,True,,Southampton,no,True,adult,0,0
846,0,3,male,,8,2,69.55,S,Third,man,True,,Southampton,no,False,,0,0
847,0,3,male,35.0,0,0,7.8958,C,Third,man,True,,Cherbourg,no,True,adult,0,1
848,0,2,male,28.0,0,1,33.0,S,Second,man,True,,Southampton,no,False,adult,0,0
849,1,1,female,,1,0,89.1042,C,First,woman,False,C,Cherbourg,yes,False,,1,1
850,0,3,male,4.0,4,2,31.275,S,Third,child,False,,Southampton,no,False,child,0,0
851,0,3,male,74.0,0,0,7.775,S,Third,man,True,,Southampton,no,True,adult,0,0
852,0,3,female,9.0,1,1,15.2458,C,Third,child,False,,Cherbourg,no,False,child,1,1
853,1,1,female,16.0,0,1,39.4,S,First,woman,False,D,Southampton,yes,False,child,1,0
854,0,2,female,44.0,1,0,26.0,S,Second,woman,False,,Southampton,no,False,adult,1,0
855,1,3,female,18.0,0,1,9.35,S,Third,woman,False,,Southampton,yes,False,child,1,0
856,1,1,female,45.0,1,1,164.8667,S,First,woman,False,,Southampton,yes,False,adult,1,0
857,1,1,male,51.0,0,0,26.55,S,First,man,True,E,Southampton,yes,True,adult,0,0
858,1,3,female,24.0,0,3,19.2583,C,Third,woman,False,,Cherbourg,yes,False,young adult,1,1
859,0,3,male,,0,0,7.2292,C,Third,man,True,,Cherbourg,no,True,,0,1
860,0,3,male,41.0,2,0,14.1083,S,Third,man,True,,Southampton,no,False,adult,0,0
861,0,2,male,21.0,1,0,11.5,S,Second,man,True,,Southampton,no,False,young adult,0,0
862,1,1,female,48.0,0,0,25.9292,S,First,woman,False,D,Southampton,yes,True,adult,1,0
863,0,3,female,,8,2,69.55,S,Third,woman,False,,Southampton,no,False,,1,0
864,0,2,male,24.0,0,0,13.0,S,Second,man,True,,Southampton,no,True,young adult,0,0
865,1,2,female,42.0,0,0,13.0,S,Second,woman,False,,Southampton,yes,True,adult,1,0
866,1,2,female,27.0,1,0,13.8583,C,Second,woman,False,,Cherbourg,yes,False,adult,1,1
867,0,1,male,31.0,0,0,50.4958,S,First,man,True,A,Southampton,no,True,adult,0,0
868,0,3,male,,0,0,9.5,S,Third,man,True,,Southampton,no,True,,0,0
869,1,3,male,4.0,1,1,11.1333,S,Third,child,False,,Southampton,yes,False,child,0,0
870,0,3,male,26.0,0,0,7.8958,S,Third,man,True,,Southampton,no,True,adult,0,0
871,1,1,female,47.0,1,1,52.5542,S,First,woman,False,D,Southampton,yes,False,adult,1,0
872,0,1,male,33.0,0,0,5.0,S,First,man,True,B,Southampton,no,True,adult,0,0
873,0,3,male,47.0,0,0,9.0,S,Third,man,True,,Southampton,no,True,adult,0,0
874,1,2,female,28.0,1,0,24.0,C,Second,woman,False,,Cherbourg,yes,False,adult,1,1
875,1,3,female,15.0,0,0,7.225,C,Third,child,False,,Cherbourg,yes,True,child,1,1
876,0,3,male,20.0,0,0,9.8458,S,Third,man,True,,Southampton,no,True,young adult,0,0
877,0,3,male,19.0,0,0,7.8958,S,Third,man,True,,Southampton,no,True,young adult,0,0
878,0,3,male,,0,0,7.8958,S,Third,man,True,,Southampton,no,True,,0,0
879,1,1,female,56.0,0,1,83.1583,C,First,woman,False,C,Cherbourg,yes,False,adult,1,1
880,1,2,female,25.0,0,1,26.0,S,Second,woman,False,,Southampton,yes,False,adult,1,0
881,0,3,male,33.0,0,0,7.8958,S,Third,man,True,,Southampton,no,True,adult,0,0
882,0,3,female,22.0,0,0,10.5167,S,Third,woman,False,,Southampton,no,True,young adult,1,0
883,0,2,male,28.0,0,0,10.5,S,Second,man,True,,Southampton,no,True,adult,0,0
884,0,3,male,25.0,0,0,7.05,S,Third,man,True,,Southampton,no,True,adult,0,0
885,0,3,female,39.0,0,5,29.125,Q,Third,woman,False,,Queenstown,no,False,adult,1,2
886,0,2,male,27.0,0,0,13.0,S,Second,man,True,,Southampton,no,True,adult,0,0
887,1,1,female,19.0,0,0,30.0,S,First,woman,False,B,Southampton,yes,True,young adult,1,0
888,0,3,female,,1,2,23.45,S,Third,woman,False,,Southampton,no,False,,1,0
889,1,1,male,26.0,0,0,30.0,C,First,man,True,C,Cherbourg,yes,True,adult,0,1
890,0,3,male,32.0,0,0,7.75,Q,Third,man,True,,Queenstown,no,True,adult,0,2
